Category ID,Name,Has child,Parent ID,Attributes,,,,,,,
1,Women's Apparel,TRUE,0,,,,,,,,
373,Dresses,TRUE,1,,,,,,,,
6389,Midi Dress,FALSE,373,Brand,Material,Style,,,,,
6391,Maxi Dress,FALSE,373,Brand,Material,Style,,,,,
4770,Others,FALSE,373,Brand,,,,,,,
11962,Bodycons,FALSE,373,Brand,,,,,,,
11490,Short Dresses,FALSE,373,Brand,Material,Style,,,,,
357,Tops,TRUE,1,,,,,,,,
6414,Crop Top,FALSE,357,Brand,Material,Style,,,,,
6415,T-shirt,FALSE,357,Brand,Material,Style,,,,,
6416,Blouse,FALSE,357,Brand,Material,Style,,,,,
6418,Plus size,FALSE,357,Brand,Material,Style,,,,,
6420,Tank Top,FALSE,357,Brand,Material,Style,,,,,
4769,Others,FALSE,357,Brand,,,,,,,
11479,Shirt,FALSE,357,Brand,Material,Style,,,,,
11480,Tunic,FALSE,357,Brand,,,,,,,
383,Playsuits & Jumpsuits,TRUE,1,,,,,,,,
4768,Others,FALSE,383,Brand,,,,,,,
11493,Rompers,FALSE,383,Brand,Material,Color,,,,,
11494,Jumpsuits,FALSE,383,Brand,Material,Color,,,,,
11495,Dungarees,FALSE,383,Brand,Material,Color,,,,,
375,Skirts,TRUE,1,,,,,,,,
6409,Maxi skirt,FALSE,375,Brand,Style,Material,Color,,,,
6410,Mini skirt,FALSE,375,Brand,Material,Color,,,,,
4767,Others,FALSE,375,Brand,,,,,,,
11491,Skater Skirts,FALSE,375,Brand,Material,Color,,,,,
11492,A-line Skirts,FALSE,375,Brand,Material,Color,,,,,
377,Shorts,TRUE,1,,,,,,,,
6406,Denim Shorts,FALSE,377,Brand,Material,,,,,,
6407,Skorts,FALSE,377,Brand,Material,,,,,,
4766,Others,FALSE,377,Brand,,,,,,,
11477,Tailored Shorts,FALSE,377,Brand,Material,,,,,,
11478,Casual Shorts,FALSE,377,Brand,Material,,,,,,
379,Pants & Leggings,TRUE,1,,,,,,,,
6402,Culottes,FALSE,379,Brand,Material,Pants Length,,,,,
6403,Women's Jeans,FALSE,379,Brand,Rise,Pants Length,,,,,
6404,Leggings,FALSE,379,Brand,Material,Pants Length,,,,,
4765,Others,FALSE,379,Brand,,,,,,,
11482,Wide-legged Pants,FALSE,379,Brand,Material,Pants Length,,,,,
11483,Straight Leg Pants,FALSE,379,Brand,Material,Pants Length,,,,,
11484,Skinny Pants,FALSE,379,Brand,Material,Pants Length,,,,,
11485,Cropped Pants,FALSE,379,Brand,Material,Pants Length,,,,,
11486,Jogger Pants,FALSE,379,Brand,Material,Pants Length,,,,,
381,Outerwear,TRUE,1,,,,,,,,
6400,Parka,FALSE,381,Brand,Material,,,,,,
6401,Jacket,FALSE,381,Brand,Material,Style,,,,,
6399,Cardigan,FALSE,381,Brand,Material,Style,,,,,
4764,Others,FALSE,381,Brand,,,,,,,
11474,Coats,FALSE,381,Brand,Material,Style,,,,,
11475,Blazers,FALSE,381,Brand,Material,Style,,,,,
11476,Hoodies & Sweaters,FALSE,381,Brand,Material,Style,,,,,
385,Lingerie,TRUE,1,,,,,,,,
6395,Sleepwear,FALSE,385,Brand,Type,Material,,,,,
6396,Bra,FALSE,385,Brand,Style,Material,,,,,
6397,Panty,FALSE,385,Brand,Style,Material,,,,,
4763,Others,FALSE,385,Brand,,,,,,,
11487,Bralette,FALSE,385,Brand,Material,Style,,,,,
11488,Lingerie Sets,FALSE,385,Brand,Material,Style,,,,,
11489,Shapewear,FALSE,385,Brand,Material,Shapewear Concern,,,,,
387,Beachwear,TRUE,1,,,,,,,,
6386,Bikini,FALSE,387,Brand,Style,Material,,,,,
6387,Swimsuit,FALSE,387,Brand,Style,Material,,,,,
6388,Beach Cover Up,FALSE,387,Brand,Style,Material,,,,,
4762,Others,FALSE,387,Brand,,,,,,,
11481,Rashguards,FALSE,387,Brand,Material,Sleeve Length,,,,,
389,Ethnic,TRUE,1,,,,,,,,
6393,Cheongsam,FALSE,389,Brand,,,,,,,
6394,Jubah,FALSE,389,Brand,,,,,,,
4761,Others,FALSE,389,Brand,,,,,,,
204,Others,FALSE,1,,,,,,,,
4760,Others,FALSE,204,Brand,,,,,,,
13617,Active Wear,TRUE,1,,,,,,,,
13652, Sports Bottom,FALSE,13617,,,,,,,,
13654,Sports Top,FALSE,13617,,,,,,,,
13655,Sports Bra,FALSE,13617,Brand,,,,,,,
13709,Others,FALSE,13617,,,,,,,,
2,Men's Wear,TRUE,0,,,,,,,,
393,T-Shirts,TRUE,2,,,,,,,,
6460,Men's Short Sleeve Tee,FALSE,393,Brand,Color,Origin,Material,Form,,,
4640,Others,FALSE,393,Brand,,,,,,,
11680,Graphic ,FALSE,393,Brand,Material,Fit,,,,,
11681,Solid,FALSE,393,Brand,Material,Fit,,,,,
11682,Long Sleeved,FALSE,393,Brand,Material,Fit,,,,,
11683,Tank Tops,FALSE,393,Brand,Material,Fit,,,,,
395,Shirts,TRUE,2,,,,,,,,
6452,Short Sleeve,FALSE,395,Brand,Fit,,,,,,
6453,Long Sleeve,FALSE,395,Brand,Fit,,,,,,
6454,Polos,FALSE,395,Brand,Fit,,,,,,
4639,Others,FALSE,395,Brand,,,,,,,
397,Formal Wear,FALSE,2,,,,,,,,
4638,Others,FALSE,397,Brand,,,,,,,
401,Jeans & Pants,TRUE,2,,,,,,,,
6449,Jeans,FALSE,401,Brand,Material,Fit,,,,,
6451,Joggers & Sweatpants,FALSE,401,Brand,Material,Fit,,,,,
4637,Others,FALSE,401,Brand,,,,,,,
11684,Chinos,FALSE,401,Brand,Material,Fit,,,,,
11685,Cargo ,FALSE,401,Brand,Material,Fit,,,,,
403,Shorts & Bermudas,TRUE,2,,,,,,,,
6456,Sweat Shorts,FALSE,403,Brand,,,,,,,
6457,Chinos,FALSE,403,Brand,,,,,,,
4636,Others,FALSE,403,Brand,,,,,,,
11686,Denim,FALSE,403,Brand,Fit,,,,,,
11687,Bermudas,FALSE,403,Brand,Material,Fit,,,,,
407,Underwear,TRUE,2,,,,,,,,
4634,Others,FALSE,407,Brand,,,,,,,
11719,Boxers,FALSE,407,Brand,Material,,,,,,
11720,Briefs,FALSE,407,Brand,Material,,,,,,
11721,Loungewear,FALSE,407,Brand,Material,,,,,,
203,Others,FALSE,2,,,,,,,,
4632,Others,FALSE,203,Brand,,,,,,,
13609,Sports Wear,TRUE,2,,,,,,,,
13610,Compression Wear,FALSE,13609,,,,,,,,
13615,Sports Bottom,FALSE,13609,Brand,,,,,,,
13616,Sports Top,FALSE,13609,Brand,,,,,,,
13710,Others,FALSE,13609,,,,,,,,
11689,Swimwear,FALSE,2,,,,,,,,
11690,Others,FALSE,11689,Brand,Material,Type,,,,,
11692,Accessories,TRUE,2,,,,,,,,
11693,Others,FALSE,11692,Brand,Material,,,,,,
11705,Jackets & Coats,TRUE,2,,,,,,,,
11706,Others,FALSE,11705,,,,,,,,
11707,Denim Jackets,FALSE,11705,Brand,Material,Fit,,,,,
11708,Leather Jackets,FALSE,11705,Brand,Fit,,,,,,
11709,Bomber Jackets,FALSE,11705,Brand,Material,Fit,,,,,
11710,Winter Jackets,FALSE,11705,Brand,Material,Fit,,,,,
11711,Rain Coats,FALSE,11705,Brand,Material,,,,,,
11714,Sweaters & Cardigans,FALSE,2,,,,,,,,
11715,Others,FALSE,11714,Brand,Material,Fit,,,,,
11717,Hoodies,FALSE,2,,,,,,,,
11718,Others,FALSE,11717,Brand,Material,Fit,,,,,
4,Accessories,TRUE,0,,,,,,,,
415,Necklaces,TRUE,4,,,,,,,,
6495,Pendant Necklace,FALSE,415,Brand,Style,Material,,,,,
6496,Choker ,FALSE,415,Brand,Style,Material,,,,,
6497,Minimal Necklace,FALSE,415,Brand,Style,Material,,,,,
6498,Statement Necklace,FALSE,415,Brand,Style,Material,,,,,
4759,Others,FALSE,415,Brand,,,,,,,
11232,Multilayer,FALSE,415,Brand,Material,Style,,,,,
417,Bangles & Bracelets,TRUE,4,,,,,,,,
4758,Others,FALSE,417,Brand,,,,,,,
11240,Chain Bracelets,FALSE,417,Brand,Material,,,,,,
11241,Leather Bracelets,FALSE,417,Brand,,,,,,,
11242,Multilayer Bracelets,FALSE,417,Brand,Material,,,,,,
11243,Cuff Bangles,FALSE,417,Brand,Material,,,,,,
419,Rings,TRUE,4,,,,,,,,
6499,Fashion Ring,FALSE,419,Brand,Dimension,Material,Style,,,,
6500,Ring set,FALSE,419,Brand,Dimension,Material,Style,,,,
6501,Diamond Ring,FALSE,419,Brand,Dimension,Material,Style,,,,
4757,Others,FALSE,419,Brand,,,,,,,
11233,Statement Rings,FALSE,419,Brand,Material,Style,,,,,
421,Earrings,TRUE,4,,,,,,,,
6484,Stud Earrings,FALSE,421,Brand,Style,Material,,,,,
6485,Hoop Earrings,FALSE,421,Brand,Style,Material,,,,,
4756,Others,FALSE,421,Brand,Material,,,,,,
11249,Ear Cuffs,FALSE,421,Brand,Material,,,,,,
11250,Dangle Earrings,FALSE,421,Brand,Material,Style,,,,,
423,Eyewear,TRUE,4,,,,,,,,
4755,Others,FALSE,423,Brand,,,,,,,
11234,Fashion Glasses,FALSE,423,Brand,Frame Material,Style,Gender,Lens Material,,,
11235,Aviator Sunglasses,FALSE,423,Brand,Frame Material,Style,Gender,Lens Material,,,
11236,Designer Sunglasses,FALSE,423,Brand,Frame Material,Style,Gender,Lens Material,,,
11237,Fashion Sunglasses,FALSE,423,Brand,Frame Material,Style,Gender,Lens Material,,,
425,Scarves & Shawls,TRUE,4,,,,,,,,
6502,Scarf,FALSE,425,Brand,,,,,,,
6503,Shawl,FALSE,425,Brand,,,,,,,
4754,Others,FALSE,425,Brand,,,,,,,
427,Hair Accessories,TRUE,4,,,,,,,,
6489,Headband,FALSE,427,Brand,Style,Material,,,,,
6490,Hair clip,FALSE,427,Brand,Style,,,,,,
6491,Hair Ties & Scrunchies,FALSE,427,Brand,Style,,,,,,
4753,Others,FALSE,427,Brand,,,,,,,
11239,Bandanas,FALSE,427,Brand,Material,,,,,,
459,Hats & Caps,TRUE,4,,,,,,,,
6494,Beanie,FALSE,459,Brand,,,,,,,
4752,Others,FALSE,459,Brand,,,,,,,
11244,Caps,FALSE,459,Brand,,,,,,,
11245,Floppy Hats,FALSE,459,Brand,,,,,,,
11246,Bucket Hats,FALSE,459,Brand,,,,,,,
11247,Fedora Hats,FALSE,459,Brand,,,,,,,
11248,Visors,FALSE,459,Brand,,,,,,,
461,Belts,TRUE,4,,,,,,,,
4751,Others,FALSE,461,Brand,,,,,,,
11251,Highwaisted Belts,FALSE,461,Brand,Material,Style,,,,,
11252,Skinny Belts,FALSE,461,Brand,Material,Style,,,,,
11253,Wide Belts,FALSE,461,Brand,Material,Style,,,,,
2307,Brooches & Pins,FALSE,4,,,,,,,,
4747,Others,FALSE,2307,Brand,,,,,,,
2308,Tattoos,FALSE,4,,,,,,,,
4750,Others,FALSE,2308,Brand,,,,,,,
2309,Keychains,FALSE,4,,,,,,,,
4749,Others,FALSE,2309,Brand,,,,,,,
200,Others,FALSE,4,,,,,,,,
4746,Others,FALSE,200,Brand,,,,,,,
10299,Anklet,FALSE,4,,,,,,,,
10300,Others,FALSE,10299,Brand,,,,,,,
3,Bags,TRUE,0,,,,,,,,
481,Wallets & Purses,TRUE,3,,,,,,,,
6516,Long Wallet,FALSE,481,Brand,Style,Material,Size (L x W x H),,,,
6517,Clutch,FALSE,481,Brand,Style,Material,Design,Color,,,
6518,Wristlet,FALSE,481,Brand,Style,Material,Size (L x W x H),,,,
6519,Short Wallet,FALSE,481,Brand,Style,Material,Size (L x W x H),,,,
4650,Others,FALSE,481,Brand,,,,,,,
11257,Coin Purses,FALSE,481,Brand,Material,Size (L x W x H),,,,,
11258,Card Holders,FALSE,481,Brand,Material,Size (L x W x H),,,,,
483,Shoulder Bags,TRUE,3,,,,,,,,
6521,Tote bag,FALSE,483,Brand,Material,Size (L x W x H),,,,,
4649,Others,FALSE,483,Brand,,,,,,,
11254,Beach Bags,FALSE,483,Brand,Material,Size (L x W x H),,,,,
485,Sling Bags,TRUE,3,,,,,,,,
6510,Crossbody Bag,FALSE,485,Brand,Style,Material,Design,Color,,,
6511,Messenger Bag,FALSE,485,Brand,Material,Size (L x W x H),,,,,
6512,Bucket Bag,FALSE,485,Brand,Material,Size (L x W x H),,,,,
4648,Others,FALSE,485,Brand,,,,,,,
487,Backpacks,TRUE,3,,,,,,,,
6505,School bag,FALSE,487,Brand,Material,Size (L x W x H),,,,,
6506,Drawstring bag,FALSE,487,Brand,Material,Size (L x W x H),,,,,
4647,Others,FALSE,487,Brand,,,,,,,
11259,Casual Backpacks,FALSE,487,Brand,Material,Size (L x W x H),,,,,
11260,Outdoor Backpacks,FALSE,487,Brand,Material,Size (L x W x H),,,,,
489,Luxury Bags,TRUE,3,,,,,,,,
4646,Others,FALSE,489,Brand,,,,,,,
11420,Handbags,FALSE,489,Material,Model,Size (L x W x H),Brand,,,,
11421,Sling Bags,FALSE,489,Brand,Material,Model,Size (L x W x H),,,,
11422,Shoulder Bags,FALSE,489,Brand,Material,Model,Size (L x W x H),,,,
11423,Backpacks,FALSE,489,Brand,Material,Model,Size (L x W x H),,,,
11424,Wallets,FALSE,489,Brand,Material,Model,Size (L x W x H),,,,
11425,Card Holder,FALSE,489,Brand,Material,Model,Size (L x W x H),,,,
11426,Key Holder,FALSE,489,Brand,Material,Model,Size (L x W x H),,,,
493,Travel & Luggage,TRUE,3,,,,,,,,
6513,Passport Holder,FALSE,493,Brand,Material,,,,,,
4645,Others,FALSE,493,Brand,,,,,,,
11431,Travel Accessories,FALSE,493,Brand,,,,,,,
11255,Wheeled Luggage,FALSE,493,Brand,Case Type,Material,Size,Carry On,,,
11256,Hand Luggage,FALSE,493,Brand,Case Type,Material,Size,Carry On,,,
2119,Men's Bag,TRUE,3,,,,,,,,
6508,Men's Backpack,FALSE,2119,Brand,Style,Material,Design,Color,,,
6509,Men's Wallet,FALSE,2119,Brand,Material,Size (L x W x H),,,,,
4644,Others,FALSE,2119,Brand,,,,,,,
11427,Messenger Bags,FALSE,2119,Brand,Material,Size (L x W x H),,,,,
11428,Tote Bags,FALSE,2119,Brand,Material,Size (L x W x H),,,,,
11429,Travel Bags,FALSE,2119,Brand,Material,Size (L x W x H),,,,,
11430,Duffle Bags,FALSE,2119,Brand,Material,Size (L x W x H),,,,,
2310,Pouches,FALSE,3,,,,,,,,
4642,Others,FALSE,2310,Brand,,,,,,,
198,Others,FALSE,3,,,,,,,,
4641,Others,FALSE,198,Brand,,,,,,,
6,Health & Beauty,TRUE,0,,,,,,,,
517,Personal Care,TRUE,6,,,,,,,,
6580,Deodorant,FALSE,517,Brand,Type,,,,,,
6581,Feminine Care,FALSE,517,Brand,Type,Product Volume,,,,,
6582,Foot Care,FALSE,517,Brand,Type,Product Volume,,,,,
7585,Slimming,FALSE,517,Brand,Type,Product Volume,,,,,
4775,Others,FALSE,517,Brand,,,,,,,
11011,Eye Care,FALSE,517,Brand,Concern,Expiry Date,Product Volume,,,,
11012,Senior Care,FALSE,517,Brand,Type,Product Volume,,,,,
12682,Sexual Wellness,FALSE,517,Brand,,,,,,,
11439,Lip Care,FALSE,517,,,,,,,,
495,Skincare,TRUE,6,,,,,,,,
6583,Cleanse,FALSE,495,Brand,Type,Texture,Skincare Type,,,,
6584,Tone,FALSE,495,Brand,Formulation,Benefits,Skin Type,Product Volume,,,
6585,Mask,FALSE,495,Brand,Benefits,Skin Type,Product Volume,,,,
6586,Moisturise,FALSE,495,Brand,Type,Texture,Skincare Type,Product Volume,,,
6587,Serum & Treatment,FALSE,495,Brand,Type,Skincare Type,Product Volume,,,,
7587,Skincare Set,FALSE,495,Brand,Type,,,,,,
4783,Others,FALSE,495,Brand,,,,,,,
11018,Scrub,FALSE,495,Brand,Formulation,Benefits,Skin Type,Product Volume,,,
11019,Sun Care,FALSE,495,Brand,Formulation,Benefits,Skin Type,Product Volume,,,
11020,Gift Sets,FALSE,495,Brand,,,,,,,
497,Makeup,TRUE,6,,,,,,,,
6554,Face,FALSE,497,Type,Texture,Brand,Finish,Coverage,Benefits,,
6555,Lips,FALSE,497,Type,Brand,Finish,Benefits,Colour,,,
6558,Eye,FALSE,497,Type,Texture,Brand,Finish,Benefits,Colour,,
6559,Makeup Remover,FALSE,497,Type,Brand,Product Volume,Benefits,,,,
4782,Others,FALSE,497,Brand,,,,,,,
11016,Sets & Palettes,FALSE,497,Brand,Type,,,,,,
11017,Gift Sets,FALSE,497,Brand,Type,,,,,,
10319,Powders & Compacts,FALSE,497,Brand,Finish,Benefits,Texture,,,,
10321,Blusher,FALSE,497,Brand,Colour,Finish,,,,,
10322,Contour & Highlight,FALSE,497,Brand,Texture,Finish,,,,,
501,Fragrances,TRUE,6,,,,,,,,
6544,EDP,FALSE,501,Brand,Gender,Product Volume,,,,,
6545,EDT,FALSE,501,Brand,Gender,Product Volume,,,,,
6546,Spray,FALSE,501,Brand,Gender,Product Volume,Benefits,,,,
6547,Mist,FALSE,501,Brand,Gender,Product Volume,Benefits,,,,
4781,Others,FALSE,501,Brand,,,,,,,
11008,EDC,FALSE,501,Brand,Product Volume,Gender,Formulation,Size,,,
11009,Solid,FALSE,501,Brand,Product Volume,Gender,Formulation,Size,,,
11010,Gift Sets,FALSE,501,,,,,,,,
503,Bath & Body,TRUE,6,,,,,,,,
6532,Body Wash,FALSE,503,Brand,Type,Skin Type,Benefits,Product Volume,,,
6533,Moisturise,FALSE,503,Brand,Type,Skin Type,Benefits,Product Volume,,,
6534,Scrub,FALSE,503,Brand,Skin Type,Type,Benefits,Product Volume,,,
4779,Others,FALSE,503,Brand,,,,,,,
11021,Massage,FALSE,503,Brand,Formulation,Benefits,Gender,Product Volume,,,
11022,Bust Care,FALSE,503,Brand,Formulation,Benefits,Product Volume,,,,
11023,Hand & Foot,FALSE,503,Brand,Formulation,Benefits,Gender,Product Volume,,,
11024,Hair Removal,FALSE,503,Brand,Formulation,Benefits,Gender,Product Volume,,,
11213,Accessories,FALSE,503,Brand,Type,,,,,,
11214,Sun Care,FALSE,503,Brand,Formulation,Benefits,Gender,Product Volume,Sun Protection,,
11215,Gift Sets,FALSE,503,Brand,,,,,,,
505,Women's Hair Care,TRUE,6,,,,,,,,
6549,Shampoo,FALSE,505,Brand,Hair Concerns,Product Volume,,,,,
6550,Conditioner,FALSE,505,Brand,Hair Concerns,Product Volume,,,,,
6551,Hair Color,FALSE,505,Brand,Type,Product Volume,Colour,,,,
6552,Treatment,FALSE,505,Brand,Type,Hair Concerns,Product Volume,,,,
6553,Styling,FALSE,505,Brand,Type,Hair Concerns,Product Volume,,,,
4777,Others,FALSE,505,Brand,,,,,,,
507,Nails,TRUE,6,,,,,,,,
6569,Lacquer,FALSE,507,Brand,Type,Product Volume,,,,,
6573,Nail Art,FALSE,507,Brand,Type,,,,,,
6577,Nail Tools,FALSE,507,Brand,Type,,,,,,
7584,Remover,FALSE,507,Brand,Type,,,,,,
4776,Others,FALSE,507,Brand,,,,,,,
11228,Treatment,FALSE,507,Brand,Type,Product Volume,,,,,
509,Beauty Tools,TRUE,6,,,,,,,,
4778,Others,FALSE,509,Brand,,,,,,,
10002,Body,FALSE,509,Brand,,,,,,,
11216,Mirrors,FALSE,509,Brand,Size,,,,,,
11217,Eye,FALSE,509,Brand,Type,,,,,,
11218,Face,FALSE,509,Brand,Type,,,,,,
11219,Sharpeners,FALSE,509,Brand,Size,,,,,,
11220,Gift set,FALSE,509,Brand,Type,,,,,,
11231,Hair Tools,FALSE,509,,,,,,,,
511,Men's Grooming,TRUE,6,,,,,,,,
6567,Shave,FALSE,511,Brand,Type,Product Volume,Benefits,,,,
4780,Others,FALSE,511,Brand,,,,,,,
11013,Hair,FALSE,511,Brand,Type,Formulation,Finish,Strength,Product Volume,,
11014,Face,FALSE,511,Brand,Type,Formulation,Skin Type,Product Volume,,,
11015,Gift Sets,FALSE,511,Brand,Type,,,,,,
515,Collagen & Supplements,TRUE,6,,,,,,,,
6540,Collagen,FALSE,515,Brand,Concerns,Product Volume,,,,,
6541,Supplements,FALSE,515,Brand,Concerns,Product Volume,,,,,
6542,Weight Management,FALSE,515,Brand,Concerns,Product Volume,,,,,
6543,Vitamin,FALSE,515,Brand,Type,Product Volume,,,,,
4774,Others,FALSE,515,Brand,,,,,,,
11222,Wellness,FALSE,515,Brand,Benefits,Type,Expiry Date,,,,
11223,Gift Sets,FALSE,515,Brand,Benefits,Type,Expiry Date,,,,
2312,Cosmetic Storage,TRUE,6,,,,,,,,
4773,Others,FALSE,2312,Brand,,,,,,,
11224,Professional Storage,FALSE,2312,Brand,Type,Size,,,,,
11225,Palette Organizer,FALSE,2312,Brand,Type,Size,,,,,
11226,Brush Organizer,FALSE,2312,Brand,Type,Size,,,,,
11227,Travel Pouches,FALSE,2312,Brand,Type,Size,,,,,
202,Others,FALSE,6,,,,,,,,
4771,Others,FALSE,202,Brand,,,,,,,
126,Women's Shoes,TRUE,0,,,,,,,,
549,Flats,TRUE,126,,,,,,,,
6438,Women's Loafers,FALSE,549,Brand,Style,Material,Color,,,,
4676,Others,FALSE,549,Brand,,,,,,,
11563,Ballet Flats,FALSE,549,Brand,Material,Color,Style,,,,
11564,Peep Toes,FALSE,549,Brand,Material,Color,,,,,
11565,Espadrilles,FALSE,549,Brand,Material,Color,,,,,
551,Heels,TRUE,126,,,,,,,,
6440,Platforms,FALSE,551,Brand,Material,Color,Heel Height,,,,
7232,Pumps,FALSE,551,Brand,Material,Color,Heel Height,,,,
4675,Others,FALSE,551,Brand,,,,,,,
11559,Peep Toes,FALSE,551,Brand,Material,Color,Heel Height,,,,
11560,High Heels,FALSE,551,Brand,Material,Color,Heel Height,,,,
11561,Mid Heels,FALSE,551,Brand,Material,Color,Heel Height,,,,
11562,Low Heels,FALSE,551,Brand,Material,Color,Heel Height,,,,
553,Slippers,TRUE,126,,,,,,,,
6428,Women's Sandals,FALSE,553,Brand,,,,,,,
6429,Women's Flip Flops,FALSE,553,Brand,,,,,,,
4674,Others,FALSE,553,Brand,,,,,,,
557,Boots,TRUE,126,,,,,,,,
6426,High boots,FALSE,557,Brand,Material,Color,,,,,
6427,Ankle boots,FALSE,557,Brand,Material,Color,,,,,
4672,Others,FALSE,557,Brand,,,,,,,
11549,Calf Boots,FALSE,557,Brand,Material,Color,,,,,
561,Sneakers,TRUE,126,,,,,,,,
4671,Others,FALSE,561,Brand,,,,,,,
11541,Lace Up Sneakers,FALSE,561,Brand,Material,Color,,,,,
11542,Slip-ons,FALSE,561,Brand,Material,Color,,,,,
11543,Platform Sneakers,FALSE,561,Brand,Material,Color,,,,,
567,Socks,TRUE,126,,,,,,,,
6448,Ankle socks,FALSE,567,Brand,Color,,,,,,
4669,Others,FALSE,567,Brand,,,,,,,
11544,Invisible Socks,FALSE,567,Brand,Color,,,,,,
11545,Thigh High Socks,FALSE,567,Brand,Color,,,,,,
11567,Stockings,FALSE,567,Brand,Color,,,,,,
569,Shoe Accessories,TRUE,126,,,,,,,,
4668,Others,FALSE,569,Brand,,,,,,,
11546,Heel Protectors,FALSE,569,Brand,,,,,,,
11547,Insoles,FALSE,569,Brand,,,,,,,
11548,Laces,FALSE,569,Brand,,,,,,,
196,Others,FALSE,126,,,,,,,,
4667,Others,FALSE,196,Brand,,,,,,,
11550,Sandals,TRUE,126,,,,,,,,
11551,Others,FALSE,11550,Brand,,,,,,,
11552,Tie Leg Sandals,FALSE,11550,Brand,Material,Color,,,,,
11553,Chunky Sandals,FALSE,11550,Brand,Material,Color,,,,,
11554,Strappy Sandals,FALSE,11550,Brand,Material,Color,,,,,
168,Men's Shoes,TRUE,0,,,,,,,,
599,Formal Shoes,FALSE,168,,,,,,,,
4630,Others,FALSE,599,Brand,,,,,,,
603,Sports Shoes,TRUE,168,,,,,,,,
6476,Basketball,FALSE,603,Brand,,,,,,,
6477,Running,FALSE,603,Brand,,,,,,,
4629,Others,FALSE,603,Brand,,,,,,,
605,Sandals & Flip-Flops,TRUE,168,,,,,,,,
6474,Sandals,FALSE,605,Brand,,,,,,,
6475,Flip flops,FALSE,605,Brand,,,,,,,
4628,Others,FALSE,605,Brand,,,,,,,
2305,Socks,FALSE,168,,,,,,,,
4627,Others,FALSE,2305,Brand,,,,,,,
195,Others,FALSE,168,,,,,,,,
4626,Others,FALSE,195,Brand,,,,,,,
11700,Sneakers,FALSE,168,,,,,,,,
11701,Others,FALSE,11700,Brand,,,,,,,
11722,Accessories,FALSE,168,,,,,,,,
11723,Others,FALSE,11722,Brand,,,,,,,
11724,Boots,FALSE,168,,,,,,,,
11725,Others,FALSE,11724,,,,,,,,
11726,Loafers & Slip-Ons,FALSE,168,,,,,,,,
11727,Others,FALSE,11726,Brand,,,,,,,
5,Watches,TRUE,0,,,,,,,,
609,Digital,FALSE,5,,,,,,,,
4624,Others,FALSE,609,Brand,,,,,,,
613,Fashion Watch,TRUE,5,,,,,,,,
6466,Men's Fashion Watch,FALSE,613,Brand,Case Diameter,Movement,Band Colour,Band Material,,,
6467,Leather Watch,FALSE,613,Brand,Case Diameter,Movement,Band Colour,Band Material,,,
6468,Pocketwatch,FALSE,613,Brand,Case Diameter,Movement,,,,,
6469,Women's Fashion Watch,FALSE,613,Brand,Case Diameter,Movement,Band Colour,Band Material,,,
4625,Others,FALSE,613,Brand,,,,,,,
615,Couple Set,FALSE,5,,,,,,,,
4623,Others,FALSE,615,Brand,,,,,,,
2404,Luxury Watch,FALSE,5,,,,,,,,
4622,Others,FALSE,2404,Brand,,,,,,,
192,Others,FALSE,5,,,,,,,,
4621,Others,FALSE,192,Brand,,,,,,,
11600,Sports Watches,FALSE,5,,,,,,,,
11601,Others,FALSE,11600,Brand,,,,,,,
11602,Accessories,FALSE,5,,,,,,,,
11603,Others,FALSE,11602,Brand,,,,,,,
8,Mobile & Gadgets,TRUE,0,,,,,,,,
625,Batteries & Powerbanks,TRUE,8,,,,,,,,
4742,Others,FALSE,625,Brand,,,,,,,
10951,Batteries,FALSE,625,Brand,,,,,,,
10952,<5000mAh,FALSE,625,Brand,,,,,,,
10953,5000mAh - 10000mAh,FALSE,625,Brand,,,,,,,
10954,12000mAh - 16000mAh,FALSE,625,Brand,,,,,,,
10955,20000mAh - 30000mAh,FALSE,625,Brand,,,,,,,
627,Memory Cards,TRUE,8,,,,,,,,
4736,Others,FALSE,627,Brand,,,,,,,
10963,SD Cards,FALSE,627,Brand,Warranty Period,,,,,,
10965,Micro SD Cards,FALSE,627,Brand,Warranty Period,,,,,,
10966,Multimedia Cards,FALSE,627,Brand,Warranty Period,,,,,,
10967,Memory Sticks,FALSE,627,Brand,Warranty Period,,,,,,
10969,OTG,FALSE,627,Brand,Warranty Period,,,,,,
2313,Mobile Accessories,TRUE,8,,,,,,,,
4741,Others,FALSE,2313,Brand,,,,,,,
10956,Cases & Covers,FALSE,2313,Brand,Phone Compatibility,Material,,,,,
10957,Cables,FALSE,2313,Brand,Type,Length,,,,,
10958,Screen Protectors,FALSE,2313,Brand,Type,,,,,,
10959,Photography Tools,FALSE,2313,Brand,Type,,,,,,
10960,Car Accessories,FALSE,2313,Brand,,,,,,,
10961,Holders,FALSE,2313,Brand,,,,,,,
10962,Chargers,FALSE,2313,Brand,,,,,,,
13029,SIM / Top-Up Cards,FALSE,2313,Country,Service Provider,Card Validity,Data Size,Speed,Card Type,,
2314,Gadgets,TRUE,8,,,,,,,,
6341,Portable LED Light,FALSE,2314,Brand,Type,,,,,,
6342,Portable Fans,FALSE,2314,Brand,Type,,,,,,
4743,Others,FALSE,2314,Brand,,,,,,,
10949,Monopods & Tripods,FALSE,2314,Brand,,,,,,,
10950,Virtual Reality Glasses (VR),FALSE,2314,Brand,Warranty Period,,,,,,
201,Others,FALSE,8,,,,,,,,
4733,Others,FALSE,201,Brand,,,,,,,
10941,Mobile Phones & Tablets,TRUE,8,,,,,,,,
10942,Others,FALSE,10941,Brand,,,,,,,
10943,Apple,FALSE,10941,Brand,Model,Built-in Storage,Colour,,,,
10944,Samsung,FALSE,10941,Brand,Model,RAM,Built-in Storage,Warranty Period,,,
10945,Xiaomi,FALSE,10941,Brand,Model,RAM,Built-in Storage,Warranty Period,,,
10946,ASUS,FALSE,10941,Brand,Model,RAM,Built-in Storage,Warranty Period,,,
10947,Huawei,FALSE,10941,Brand,Model,RAM,Built-in Storage,Warranty Period,,,
10948,LG,FALSE,10941,Brand,Model,RAM,Built-in Storage,Warranty Period,,,
10970,Audio,TRUE,8,,,,,,,,
11090,Others,FALSE,10970,Brand,Warranty Period,,,,,,
11091,Headphones,FALSE,10970,Brand,Model,Bluetooth,Input Type,Warranty Period,,,
11092,Earphones,FALSE,10970,Brand,Model,Bluetooth,Warranty Period,,,,
11093,Speakers,FALSE,10970,Brand,Model,Bluetooth,Warranty Period,,,,
11094,MP3/MP4,FALSE,10970,Brand,Bluetooth,Warranty Period,,,,,
10971,Digital Wearables,TRUE,8,,,,,,,,
10972,Others,FALSE,10971,Brand,,,,,,,
10973,Smart Watches,FALSE,10971,Brand,Model,Warranty Period,,,,,
10974,Fitness Bands,FALSE,10971,Brand,Model,Warranty Period,,,,,
10975,Straps,FALSE,10971,Brand,Model,Material,,,,,
9,Computers & Peripherals,TRUE,0,,,,,,,,
633,Laptops,TRUE,9,,,,,,,,
6351,Macbook,FALSE,633,Brand,Model,Processor,Storage,Screen Size (Inches),,,
6352,Laptop,FALSE,633,Brand,Model,Processor,Storage,Screen Size (Inches),,,
6353,Ultrabook,FALSE,633,Brand,Model,Processor,Storage,Screen Size (Inches),,,
4723,Others,FALSE,633,Brand,,,,,,,
639,Storage,TRUE,9,,,,,,,,
6363,Internal HDD,FALSE,639,Brand,Model,Size (GB),Type,,,,
4720,Others,FALSE,639,Brand,,,,,,,
11006,Internal SSD,FALSE,639,Brand,Model,Capacity,Form Factor,Interface,Warranty Period,,
11007,External Storage Drives,FALSE,639,Brand,Model,Storage Type,Capacity,Warranty Period,,,
641,Components,TRUE,9,,,,,,,,
4719,Others,FALSE,641,Brand,,,,,,,
11190,Fans & Cooling,FALSE,641,Brand,Model,Fan Size,LED,Warranty Period,,,
10997,CPU,FALSE,641,Brand,Series,Model,Socket Type,Warranty Period,,,
10998,Motherboards,FALSE,641,Brand,Socket Type,Form Factor,Warranty Period,,,,
10999,Video Cards,FALSE,641,Brand,Chipset Manufacturer,GPU,Memory Size,Warranty Period,,,
11000,Memory,FALSE,641,Brand,Model,Memory Type,Speed,Module Capacity,Multi-Channel Kit,Warranty Period,
11001,Computer Cases,FALSE,641,Brand,Model,Case Type,LED,Warranty Period,,,
11002,Power Supplies,FALSE,641,Brand,Model,Maximum Power,Energy-Efficient,Modular,Warranty Period,,
11003,Accessory Cards,FALSE,641,Brand,Model,Interface,Warranty Period,,,,
645,Networking,TRUE,9,,,,,,,,
4718,Others,FALSE,645,Brand,,,,,,,
11072,Routers & Switches,FALSE,645,Brand,Model,Frequency Band,No. of Ports,Warranty Period,,,
11188,Access Points / Repeaters / Powerline,FALSE,645,,,,,,,,
11004,Network Cables,FALSE,645,Brand,Model,Length,Cat,Warranty Period,,,
11005,Network Attached Storage (NAS),FALSE,645,Brand,Model,Included HDD Capacity,Form Factor,Warranty Period,,,
649,Printers & Imaging,TRUE,9,,,,,,,,
4716,Others,FALSE,649,Brand,,,,,,,
11185,Printers & Scanners,FALSE,649,Brand,Model,Double Sided Printing,Input Tray Capacity,Print Speed,Mono/Color,Warranty Period,
11186,Projectors,FALSE,649,Brand,Model,Image Brightness,Weight,Warranty Period,,,
11187,Ink & Toners,FALSE,649,Brand,Model,Warranty Period,,,,,
651,Computer Accessories,TRUE,9,,,,,,,,
4711,Others,FALSE,651,Brand,,,,,,,
11211,External DVD Drives,FALSE,651,Brand,Drive Type,Warranty Period,,,,,
10991,Adapters & Cables,FALSE,651,Brand,Model,Warranty Period,,,,,
10992,Cases & Bags,FALSE,651,Brand,Material,Size,,,,,
10993,Decal & Protectors,FALSE,651,Brand,Size,,,,,,
10994,Mousepads,FALSE,651,Brand,Material,Size,,,,,
10995,Cooling Pads & Stands,FALSE,651,Brand,Size,Warranty Period,,,,,
13599,USB Hubs,FALSE,651,Brand,Ports,USB Type,Has Card Reader,,,,
2321,Desktops,TRUE,9,,,,,,,,
4714,Others,FALSE,2321,Brand,,,,,,,
10978,Desktop PC,FALSE,2321,Brand,Processor,Memory,Storage,Graphics Card,Operating System,Warranty Period,
10979,All-In-One PC,FALSE,2321,Brand,Processor,Memory,Storage,Graphics Card,Operating System,Warranty Period,
10980,Gaming PC,FALSE,2321,Brand,Processor,Memory,Storage,Graphics Card,Operating System,Warranty Period,
10981,Workstations,FALSE,2321,Brand,Processor,Memory,Storage,Graphics Card,Operating System,Warranty Period,
193,Others,FALSE,9,,,,,,,,
4710,Others,FALSE,193,Brand,,,,,,,
11073,Software,TRUE,9,,,,,,,,
11074,Others,FALSE,11073,Brand,Model,License Type,Physical Media,,,,
11075,Operating System,FALSE,11073,Brand,Model,License Type,Physical Media,,,,
11076,Productivity,FALSE,11073,Brand,Model,License Type,Physical Media,,,,
11077,Security,FALSE,11073,Brand,Model,License Type,Physical Media,,,,
10982,Computer Peripherals,TRUE,9,,,,,,,,
10983,Others,FALSE,10982,Brand,,,,,,,
10984,Keyboards,FALSE,10982,Brand,Model,Switch Type,Numpad,Backlight,Warranty Period,,
10985,Gaming Keyboards,FALSE,10982,Brand,Model,Switch Type,Numpad,Backlight,Warranty Period,,
10986,Mice,FALSE,10982,Brand,Model,Connectivity,Backlight,Warranty Period,,,
10987,Gaming Mice,FALSE,10982,Brand,Model,Connectivity,Backlight,Warranty Period,,,
10988,M/KB Combos,FALSE,10982,Brand,Model,Connectivity,Backlight,Warranty Period,,,
10989,Monitors,FALSE,10982,Brand,Model,Display Size,Display Resolution,Video Standards,Response Time,Panel Type,Warranty Period
14264,Webcams,FALSE,10982,Brand,,,,,,,
10,Design & Crafts,TRUE,0,,,,,,,,
661,Craft Supplies,TRUE,10,,,,,,,,
6524,Paper,FALSE,661,Brand,Size,,,,,,
6525,Washi Tape,FALSE,661,Brand,Pattern,,,,,,
6526,Stamp,FALSE,661,Type,Brand,,,,,,
4620,Others,FALSE,661,Brand,,,,,,,
667,Cards,FALSE,10,,,,,,,,
4618,Others,FALSE,667,Brand,,,,,,,
669,Posters & Prints,FALSE,10,,,,,,,,
4617,Others,FALSE,669,Brand,,,,,,,
673,Notebooks,FALSE,10,,,,,,,,
4616,Others,FALSE,673,Brand,,,,,,,
675,Gifts,FALSE,10,,,,,,,,
4615,Others,FALSE,675,Brand,,,,,,,
677,Handmade,FALSE,10,,,,,,,,
4614,Others,FALSE,677,Brand,,,,,,,
2384,Party Goods,FALSE,10,,,,,,,,
4613,Others,FALSE,2384,Brand,,,,,,,
2711,Stickers,FALSE,10,,,,,,,,
4609,Others,FALSE,2711,Brand,,,,,,,
2712,Jewelry Craft,FALSE,10,,,,,,,,
4610,Others,FALSE,2712,Brand,,,,,,,
2713,Wedding,FALSE,10,,,,,,,,
4612,Others,FALSE,2713,Brand,,,,,,,
2714,Bouquet,FALSE,10,,,,,,,,
4611,Others,FALSE,2714,Brand,,,,,,,
199,Others,FALSE,10,,,,,,,,
4608,Others,FALSE,199,Brand,,,,,,,
11,Home & Living,TRUE,0,,,,,,,,
689,Furniture,TRUE,11,,,,,,,,
6697,Sofa,FALSE,689,Dimension,Colour,Material,Brand,,,,
6698,Table,FALSE,689,Dimension,Colour,Material,Type,Brand,,,
6700,Chair,FALSE,689,Dimension,Colour,Material,Type,Brand,,,
6710,Bed,FALSE,689,Dimension,Hardness level,Material,Size,Brand,,,
6711,Storage,FALSE,689,Dimension,Colour,Material,Type,Brand,,,
4701,Others,FALSE,689,Brand,,,,,,,
693,Beddings,TRUE,11,,,,,,,,
6690,Pillow,FALSE,693,Type,Dimension,Brand,,,,,
6691,Bedsheet,FALSE,693,Type,Size,Brand,,,,,
6694,Blanket,FALSE,693,Dimension,Material,Brand,,,,,
6696,Cover,FALSE,693,Type,Dimension,Brand,,,,,
4703,Others,FALSE,693,Brand,,,,,,,
695,Home Decor,TRUE,11,,,,,,,,
6713,Cushion,FALSE,695,Dimension,Type,Brand,,,,,
6714,Clock,FALSE,695,Dimension,Type,Brand,,,,,
6715,Vintage Decor,FALSE,695,Dimension,Brand,,,,,,
6716,Light,FALSE,695,Type,Length,Brand,,,,,
4704,Others,FALSE,695,Brand,,,,,,,
10582,Wallpaper,FALSE,695,Brand,Length,Material,,,,,
10583,Wall Art,FALSE,695,Brand,Size,With Frame,,,,,
10931,Home Organizer,FALSE,695,Brand,Type,,,,,,
697,Kitchen & Dining,TRUE,11,,,,,,,,
6720,Plate,FALSE,697,Material,Dimension,Brand,,,,,
6722,Pan,FALSE,697,Brand,Material,Size,Type,,,,
6723,Pot,FALSE,697,Brand,Material,Size,Type,,,,
6724,Cup,FALSE,697,Material,Dimension,Brand,,,,,
6725,Baking Tool,FALSE,697,Material,Brand,,,,,,
6726,Tumblers,FALSE,697,Brand,Material,Size,,,,,
6727,Tableware,FALSE,697,Brand,Material,Type,,,,,
4708,Others,FALSE,697,Brand,,,,,,,
10596,Food Storage,FALSE,697,Brand,Type,Pcs / pack,,,,,
711,Bathroom,TRUE,11,,,,,,,,
6686,Towel,FALSE,711,Material,Type,Dimension,Brand,,,,
6688,Holder,FALSE,711,Dimension,Material,Brand,,,,,
6689,Water Heater,FALSE,711,Brand,Safety Mark,,,,,,
4705,Others,FALSE,711,Brand,,,,,,,
10314,Oral Care,FALSE,711,Brand,,,,,,,
10927,Bathroom Storage,FALSE,711,Brand,Type,,,,,,
10928,Clothes Organizer,FALSE,711,Brand,Type,,,,,,
10929,Shower Accessories,FALSE,711,Brand,Type,,,,,,
10930,Bathroom Accessories,FALSE,711,Brand,Type,,,,,,
2317,Cleaning supplies,TRUE,11,,,,,,,,
4707,Others,FALSE,2317,Brand,,,,,,,
10589,Tissue & Wipes,FALSE,2317,Brand,Number of ply,Sheets / pack,Wet / Dry,,,,
10590,Detergents,FALSE,2317,Brand,Type,Volume,,,,,
10591,Softeners,FALSE,2317,Brand,Volume,,,,,,
10592,Dishwashing,FALSE,2317,Brand,Volume,,,,,,
10594,Floor Cleaner,FALSE,2317,Brand,Volume,,,,,,
10595,Cleaning Tools,FALSE,2317,Brand,Type,,,,,,
2318,Aromatherapy,TRUE,11,,,,,,,,
4699,Others,FALSE,2318,Brand,,,,,,,
10584,Essential Oils,FALSE,2318,Brand,Volume,Scent,,,,,
10585,Humidifiers,FALSE,2318,Brand,USB powered,Tank capacity,Warranty,,,,
10586,Diffusers,FALSE,2318,Brand,USB powered,Tank capacity,Warranty,,,,
10587,Air Fresheners,FALSE,2318,Brand,Volume,,,,,,
10588,Scented Candles,FALSE,2318,Brand,Scent,Burning time,,,,,
194,Others,FALSE,11,,,,,,,,
4696,Others,FALSE,194,Brand,,,,,,,
9648,Stationery,TRUE,11,,,,,,,,
9649,Others,FALSE,9648,Brand,,,,,,,
9656,Pencil case,FALSE,9648,Brand,,,,,,,
9657,Pen,FALSE,9648,Brand,Type,Color,,,,,
9658,Pencil,FALSE,9648,Brand,Type,,,,,,
9659,Bookmark,FALSE,9648,Brand,,,,,,,
9660,Post-it,FALSE,9648,Brand,,,,,,,
9661,Mailer Bag,FALSE,9648,Brand,Size (cm),Surface,,,,,
10249,Security & Surveillance,TRUE,11,,,,,,,,
10250,Others,FALSE,10249,,,,,,,,
10577,Safe Box,FALSE,10249,Brand,Capacity,,,,,,
10578,IP Camera,FALSE,10249,Brand,Viewing Angle,Night Vision,Warranty,,,,
10579,CCTV,FALSE,10249,Brand,Viewing Angle,Night Vision,Warranty,,,,
10580,Digital Lock,FALSE,10249,Brand,Type,Warranty,RFID Card / Tag,Installation included,,,
10581,Security Alarm,FALSE,10249,Brand,Warranty,,,,,,
10932,Outdoor & Gardening,TRUE,11,,,,,,,,
10933,Others,FALSE,10932,,,,,,,,
10934,Mosquito Repellents,FALSE,10932,Brand,Type,,,,,,
10935,Umbrellas,FALSE,10932,Brand,Type,Material,,,,,
10936,Raincoats,FALSE,10932,Brand,Type,,,,,,
10937,Hammocks,FALSE,10932,Brand,Type,Size,,,,,
10938,Gardening Tools,FALSE,10932,Brand,Type,,,,,,
14,Games & Hobbies,TRUE,0,,,,,,,,
721,Consoles & Accessories,TRUE,14,,,,,,,,
6677,XBox Console,FALSE,721,Brand,Model,Type,,,,,
6678,PS4 Console,FALSE,721,Brand,Model,Type,,,,,
6679,Wii Console,FALSE,721,Brand,Model,Type,,,,,
6680,3DS Console,FALSE,721,Brand,Model,Type,,,,,
6683,PS3 Console,FALSE,721,Brand,Model,Type,,,,,
4731,Others,FALSE,721,Brand,,,,,,,
12923,Switch,FALSE,721,Brand,,,,,,,
723,Video Games,TRUE,14,,,,,,,,
6633,PS4 Games,FALSE,723,Brand,Model,Age Suitability,Region,,,,
6634,XBox Games,FALSE,723,Brand,Model,Age Suitability,,,,,
6636,3DS Games,FALSE,723,Brand,Model,Age Suitability,,,,,
6638,PS3 Games,FALSE,723,Brand,,,,,,,
4730,Others,FALSE,723,Brand,,,,,,,
9900,PC Games,FALSE,723,Brand,Age Suitability,,,,,,
12924,Switch Games,FALSE,723,Brand,,,,,,,
12925,Wii Games,FALSE,723,Brand,,,,,,,
725,Blocks & Building Toys,TRUE,14,,,,,,,,
6646,Lego,FALSE,725,Brand,Series,Model,,,,,
6648,Nanoblock,FALSE,725,Brand,Series,Model,,,,,
6649,Gundam,FALSE,725,Brand,Type,Scale,Grade,,,,
6650,Puzzle,FALSE,725,Brand,,,,,,,
7583,LOZ,FALSE,725,Brand,Series,Model,,,,,
4732,Others,FALSE,725,Brand,,,,,,,
733,Collectible Figurines,TRUE,14,,,,,,,,
6665,Hot Toys,FALSE,733,Brand,Scale,,,,,,
6666,Funko Pop,FALSE,733,Brand,Series,Category,,,,,
6667,Plush Toys,FALSE,733,Brand,,,,,,,
6668,Bandai,FALSE,733,Brand,Series,Type,,,,,
6669,Minifigures,FALSE,733,Brand,Series,,,,,,
4729,Others,FALSE,733,Brand,,,,,,,
12927,Vehicle Models,FALSE,733,Brand,,,,,,,
12928,Action Figures,FALSE,733,Brand,,,,,,,
12929,Display & Model Tools,FALSE,733,Brand,,,,,,,
2315,Antiques & Collectibles,TRUE,14,,,,,,,,
4725,Others,FALSE,2315,Brand,,,,,,,
12984,Antiques,FALSE,2315,Brand,,,,,,,
12985,Stamps,FALSE,2315,Brand,,,,,,,
12986,Currencies,FALSE,2315,Brand,,,,,,,
2316,Card & Board Games,TRUE,14,,,,,,,,
4727,Others,FALSE,2316,Brand,,,,,,,
12930,Trading Card Games,FALSE,2316,Brand,,,,,,,
12931,Card Sleeves & Deck Boxes,FALSE,2316,Brand,,,,,,,
12932,Board Games,FALSE,2316,Brand,,,,,,,
12933,Party & Card Games,FALSE,2316,Brand,,,,,,,
2786,Game & Pop Merchandise,TRUE,14,,,,,,,,
4728,Others,FALSE,2786,Brand,,,,,,,
13598,Collectibles,FALSE,2786,Brand,,,,,,,
14254,Pokémon Merchandise,FALSE,2786,Brand,,,,,,,
12987,Posters,FALSE,2786,Brand,,,,,,,
12988,Apparel,FALSE,2786,,,,,,,,
12989,Albums & Records,FALSE,2786,,,,,,,,
197,Others,FALSE,14,,,,,,,,
4724,Others,FALSE,197,Brand,,,,,,,
13656,Camera & Accessories,TRUE,14,,,,,,,,
13861,Others,FALSE,13656,Brand,,,,,,,
13657,Cameras,FALSE,13656,,,,,,,,
13658,Instant,FALSE,13656,Brand,,,,,,,
13659,Action Cameras,FALSE,13656,,,,,,,,
13661,Drone & Accessories,FALSE,13656,Brand,,,,,,,
13662,Car Cameras,FALSE,13656,Brand,,,,,,,
13667,Camera Accessories,FALSE,13656,Brand,,,,,,,
13665,Darts,TRUE,14,,,,,,,,
13864,Tips,FALSE,13665,Brand,,,,,,,
13865,Others,FALSE,13665,,,,,,,,
13666,Flight & Shafts,FALSE,13665,,,,,,,,
13668, Accessories,FALSE,13665,Brand,,,,,,,
13669,Music,FALSE,14,,,,,,,,
13670,Default,FALSE,13669,Brand,,,,,,,
13671,Cue Sports,FALSE,14,,,,,,,,
13672,Default,FALSE,13671,Brand,,,,,,,
12921,Novelty & Desk Toys,TRUE,14,,,,,,,,
12922,Novelty Toys,FALSE,12921,,,,,,,,
12934,Fidget Toys,FALSE,12921,,,,,,,,
12935,Rubiks Cubes,FALSE,12921,Brand,,,,,,,
12936,Yoyos & Kendamas,FALSE,12921,Brand,,,,,,,
12937,Desk Toys,FALSE,12921,Brand,,,,,,,
12,"Toys, Kids & Babies",TRUE,0,,,,,,,,
769,Baby & Toddler Fashion,TRUE,12,,,,,,,,
6782,Baby Shoes,FALSE,769,Brand,Color,Size,Material,Gender,Age,,
6786,Baby Socks,FALSE,769,Brand,Color,Gender,Age,,,,
6787,Baby Rompers,FALSE,769,Brand,Color,Gender,Material,Age,,,
4694,Others,FALSE,769,Brand,,,,,,,
14119,Baby Tops,FALSE,769,Brand,,,,,,,
14120,Baby Bottoms,FALSE,769,Brand,,,,,,,
11568,Baby Accessories,FALSE,769,Brand,Gender,Age,,,,,
11569,Baby Sets & Bundles,FALSE,769,Brand,Gender,Age,,,,,
11573,Baby Swimwear,FALSE,769,Brand,Gender,Age,,,,,
14053,Baby Sleepwear,FALSE,769,,,,,,,,
14055,Baby Underwear,FALSE,769,,,,,,,,
773,Kids' Fashion,TRUE,12,,,,,,,,
6828,Kids' Shoes,FALSE,773,Brand,Color,Material,Age,Gender,,,
6834,Kids' Socks,FALSE,773,Brand,Color,Material,Age,Gender,,,
4695,Others,FALSE,773,Brand,,,,,,,
11575,Kids' Outerwear,FALSE,773,Brand,Age,Gender,,,,,
11576,Kids' Sleepwear,FALSE,773,Brand,Age,Gender,,,,,
11580,Kids' Underwear,FALSE,773,Brand,Age,Gender,,,,,
11581,Kids' Swimwear,FALSE,773,Brand,Age,Gender,,,,,
747,Gift Sets,FALSE,12,,,,,,,,
4686,Others,FALSE,747,Brand,,,,,,,
751,Learning & Education,TRUE,12,,,,,,,,
4687,Others,FALSE,751,Brand,,,,,,,
11622,Books,FALSE,751,Brand,Age,,,,,,
11623,Puzzles,FALSE,751,Brand,Age,,,,,,
11625,Educational Supplies,FALSE,751,Brand,Age,,,,,,
11626,Flash Cards,FALSE,751,Brand,Age,,,,,,
11627,Electronic Learning Products,FALSE,751,Brand,Age,,,,,,
11628,Stickers,FALSE,751,Brand,Age,,,,,,
753,Maternity Products,TRUE,12,,,,,,,,
3723,Others,FALSE,753,Brand,,,,,,,
10027,Maternity Accessories,FALSE,753,Brand,,,,,,,
11639,Post-partum Care,FALSE,753,Brand,,,,,,,
11640,Prenatal Monitoring Devices,FALSE,753,Brand,Power Source,,,,,,
755,Baby Gear,TRUE,12,,,,,,,,
6792,Baby Stroller,FALSE,755,Brand,Type,Warranty,Maximum Weight Recommendation,Portability,Age,,
6793,Baby Carrier,FALSE,755,Brand,Material,Warranty,Maximum Weight Recommendation,Portability,Age,,
6794,Playmat,FALSE,755,Age,Material,Brand,,,,,
4688,Others,FALSE,755,Brand,,,,,,,
11583,Car Seats,FALSE,755,Brand,Warranty,Maximum Weight Recommendation,Portability,Car Seat Type,Age,,
11585,Harnesses & Leashes,FALSE,755,Brand,Warranty,Age,,,,,
11586,Playards,FALSE,755,Brand,Warranty,Age,,,,,
11587,Stroller Accessories,FALSE,755,Brand,Warranty,Age,,,,,
11589,Walkers,FALSE,755,Brand,Warranty,Maximum Weight Recommendation,Portability,Age,,,
757,Toys & Games,TRUE,12,,,,,,,,
6841,Basic and Life Skills Toys,FALSE,757,Brand,Age,Material,Warranty,PVC-free,Lead-free,,
6844,Dolls & Accessories,FALSE,757,Brand,Age,Material,Warranty,PVC-free,Lead-free,,
6845,Stuffed Animals & Plush,FALSE,757,Brand,Age,Material,Warranty,PVC-free,Lead-free,,
6846,"Tricycles, Scooters & Wagons",FALSE,757,Brand,Age,Material,Warranty,PVC-free,Lead-free,,
4689,Others,FALSE,757,Brand,,,,,,,
10207,Educational Toys,FALSE,757,Brand,Age,Material,Warranty,PVC-free,Lead-free,,
10208,Musical Toys,FALSE,757,Brand,Age,Material,Warranty,PVC-free,Lead-free,,
10209,Remote Control Toys,FALSE,757,Brand,Age,Material,Warranty,PVC-free,Lead-free,,
11674,Arts & Crafts,FALSE,757,Brand,,,,,,,
11675,Baby & Toddler Toys,FALSE,757,Brand,,,,,,,
11676,Costumes,FALSE,757,Brand,,,,,,,
11677,Electronics for Kids,FALSE,757,Brand,,,,,,,
11679,Sensory Toys,FALSE,757,Brand,Age,Material,Warranty,PVC-free,Lead-free,,
761,Bath & Baby Care,TRUE,12,,,,,,,,
6801,Bath Accessories & Toys,FALSE,761,Brand,Age,Origin,Net Capacity,,,,
6802,Body Wash & Shampoo,FALSE,761,Brand,Type,Origin,Net Capacity,,,,
4691,Others,FALSE,761,Brand,,,,,,,
11605,Oral Care,FALSE,761,Brand,,,,,,,
11606,Bathing Tubs & Seats,FALSE,761,Brand,,,,,,,
11607,Bathroom Safety,FALSE,761,Brand,,,,,,,
11608,Ointments & Lotions,FALSE,761,Brand,,,,,,,
11609,Baby Wipes,FALSE,761,Brand,,,,,,,
11610,Wash Cloths,FALSE,761,Brand,,,,,,,
11611,Towels,FALSE,761,Brand,,,,,,,
763,Feeding & Nursing,TRUE,12,,,,,,,,
6822,Bottle-Feeding,FALSE,763,Dimension,Material,Brand,,,,,
6824,Baby Food,FALSE,763,Brand,,,,,,,
6825,Bibs & Burp Cloths,FALSE,763,Material,Features,Brand,,,,,
6826,Chair & Seat,FALSE,763,Brand,Dimension,Features,,,,,
4692,Others,FALSE,763,Brand,,,,,,,
11591,Children's Tableware,FALSE,763,Brand,Material,PVC-free,Lead-free,BPA-free,,,
11593,Breastfeeding,FALSE,763,Brand,Material,Power Source,Pump Grade,Pump Type,,,
11595,Food Storage,FALSE,763,Brand,PVC-free,Lead-free,BPA-free,,,,
11596,Milk Formulas,FALSE,763,Brand,,,,,,,
11597,Gift Sets,FALSE,763,Brand,,,,,,,
11598,Pacifiers & Accessories,FALSE,763,Brand,Material,PVC-free,Lead-free,BPA-free,,,
11599,Baby Supplements,FALSE,763,Brand,,,,,,,
14058,Swaddles,FALSE,763,Brand,,,,,,,
767,Diapers & Potties,TRUE,12,,,,,,,,
6806,Potties,FALSE,767,Brand,Dimension,,,,,,
6809,Changing Pads,FALSE,767,Brand,Dimension,,,,,,
4693,Others,FALSE,767,Brand,,,,,,,
11612,Cloth Diaper Accessories,FALSE,767,Brand,,,,,,,
11613,Cloth Diapers,FALSE,767,Brand,Diaper Size,Diaper Type,,,,,
11615,Disposable Diapers,FALSE,767,Brand,Diaper Size,Diaper Type,,,,,
11616,Diaper Bags & Accessories,FALSE,767,Brand,Size,,,,,,
11620,Swim Diapers,FALSE,767,Brand,Diaper Size,Diaper Type,,,,,
2325,Nursery,TRUE,12,,,,,,,,
4685,Others,FALSE,2325,Brand,,,,,,,
11629,"Beds, Cots & Bedding",FALSE,2325,Brand,Weight (kg),,,,,,
11630,Dressers & Changing Units,FALSE,2325,Brand,Weight (kg),,,,,,
11631,Nursery Decor,FALSE,2325,Brand,Weight (kg),,,,,,
11632,Pillows & Bolsters,FALSE,2325,Brand,Weight (kg),Material,,,,,
11633,Gift Sets,FALSE,2325,Brand,Weight (kg),,,,,,
11634,Hangers,FALSE,2325,Brand,Weight (kg),,,,,,
190,Others,FALSE,12,,,,,,,,
4684,Others,FALSE,190,Brand,,,,,,,
11643,Maternity Fashion,TRUE,12,,,,,,,,
11644,Others,FALSE,11643,Brand,,,,,,,
11645,Maternity Bras,FALSE,11643,Brand,Material,,,,,,
11646,Maternity Bottoms,FALSE,11643,Brand,Material,,,,,,
11647,Maternity Underwear,FALSE,11643,Brand,Material,,,,,,
11648,Maternity Tops,FALSE,11643,Brand,Material,,,,,,
11649,Maternity Dresses,FALSE,11643,Brand,Material,,,,,,
11650,Maternity Outerwear,FALSE,11643,Brand,Material,,,,,,
11651,Baby Safety,TRUE,12,,,,,,,,
11652,Others,FALSE,11651,Brand,,,,,,,
11653,Cabinet Locks & Straps,FALSE,11651,Brand,,,,,,,
11654,Bathroom Safety,FALSE,11651,Brand,,,,,,,
11655,Crib Netting,FALSE,11651,Brand,,,,,,,
11656,Edge & Corner Guards,FALSE,11651,Brand,,,,,,,
11658,Gates & Doorways,FALSE,11651,Brand,,,,,,,
11659,Monitors,FALSE,11651,Brand,,,,,,,
14056,Kids' Accessories,TRUE,12,,,,,,,,
14139,Others,FALSE,14056,Brand,,,,,,,
14064,Kids' Watches,FALSE,14056,,,,,,,,
14065,Kids' Bags,FALSE,14056,,,,,,,,
14070,Kids' Jewellery and Accessories,FALSE,14056,,,,,,,,
13,Sports & Outdoors,TRUE,0,,,,,,,,
779,Sports Equipment,TRUE,13,,,,,,,,
6374,Gym & Fitness,FALSE,779,Manufacturer,Brand,Material,Dimensions,,,,
6375,Rackets,FALSE,779,Manufacturer,Brand,Material,Dimensions,,,,
6376,Yoga,FALSE,779,Manufacturer,Brand,Material,Dimensions,,,,
4665,Others,FALSE,779,Brand,,,,,,,
13866,Ball Sports,FALSE,779,Brand,,,,,,,
13867,Bottles,FALSE,779,Brand,,,,,,,
2324,Sports Nutrition,FALSE,13,,,,,,,,
4660,Others,FALSE,2324,Brand,,,,,,,
2406,Recovery & Protection,FALSE,13,,,,,,,,
4658,Others,FALSE,2406,Brand,,,,,,,
2716,Scooters & Hoverboards,TRUE,13,,,,,,,,
6378,Scooter,FALSE,2716,Manufacturer,Colour,Battery,Brand,,,,
6379,Hoverboard,FALSE,2716,Manufacturer,Colour,Battery,Brand,Safety Mark,,,
6380,Electric scooter,FALSE,2716,Manufacturer,Colour,Battery,Brand,Safety Mark,,,
6381,Equipment Parts,FALSE,2716,Manufacturer,Brand,Safety Mark,,,,,
4664,Others,FALSE,2716,Brand,,,,,,,
191,Others,FALSE,13,,,,,,,,
4657,Others,FALSE,191,Brand,,,,,,,
13868,Outdoor Activities,TRUE,13,,,,,,,,
13869,Fishing,FALSE,13868,,,,,,,,
13870,Kites,FALSE,13868,Brand,,,,,,,
13871,Camping,FALSE,13868,Brand,,,,,,,
13872,Cycling,FALSE,13868,Brand,,,,,,,
13873,Swimming,FALSE,13868,Brand,,,,,,,
13874,Others,FALSE,13868,Brand,,,,,,,
166,Tickets & Vouchers,TRUE,0,,,,,,,,
815,Leisure,TRUE,166,,,,,,,,
7023,Spa Voucher,FALSE,815,Value,Validity,Brand,,,,,
7024,Resort Voucher,FALSE,815,Value,Validity,Brand,,,,,
7025,Concert Ticket,FALSE,815,Value,Validity,Brand,,,,,
7026,Ride Ticket,FALSE,815,Value,Validity,Brand,,,,,
4592,Others,FALSE,815,Brand,,,,,,,
817,Retail,TRUE,166,,,,,,,,
7018,Shopping Vouchers,FALSE,817,Type,Value,Validity,Brand,,,,
7020,Food Vouchers,FALSE,817,Type,Value,Validity,Brand,,,,
7021,Gift Card,FALSE,817,Type,Value,Validity,Brand,,,,
7022,ezlink,FALSE,817,Type,Value,Validity,Brand,,,,
4593,Others,FALSE,817,Brand,,,,,,,
186,Others,FALSE,166,,,,,,,,
4591,Others,FALSE,186,Brand,,,,,,,
2414,Home Appliances,TRUE,0,,,,,,,,
2416,Kitchen Appliances,TRUE,2414,,,,,,,,
6872,Cooker,FALSE,2416,Brand,Color,Origin,Wattage,Warranty,Safety Mark,,
6873,Kettle,FALSE,2416,Brand,Color,Origin,Wattage,Warranty,Safety Mark,,
6874,Coffee Machine,FALSE,2416,Brand,Color,Origin,Wattage,Warranty,Safety Mark,,
6875,Blender,FALSE,2416,Brand,Color,Origin,Wattage,Warranty,Safety Mark,,
6876,Oven,FALSE,2416,Brand,Color,Origin,Wattage,Warranty,Safety Mark,,
6878,Hob,FALSE,2416,Brand,Color,Origin,Wattage,Warranty,Safety Mark,,
4656,Others,FALSE,2416,Brand,,,,,,,
2417,Housekeeping & Improvement,TRUE,2414,,,,,,,,
7118,Mop,FALSE,2417,Brand,Color,Origin,Wattage,Warranty,,,
6879,Vacuum,FALSE,2417,Brand,Color,Origin,Wattage,Warranty,Safety Mark,,
6880,Robot,FALSE,2417,Brand,Color,Origin,Wattage,Warranty,Safety Mark,,
4655,Others,FALSE,2417,Brand,,,,,,,
10251,Power Tools & Accessories,FALSE,2417,Brand,,,,,,,
2418,Garment Care,TRUE,2414,,,,,,,,
6883,Iron,FALSE,2418,Brand,Color,Origin,Wattage,Warranty,Safety Mark,,
6885,Sewing machine,FALSE,2418,Brand,Color,Origin,Wattage,Warranty,Safety Mark,,
6886,Washing machine,FALSE,2418,Brand,Color,Origin,Wattage,Warranty,Safety Mark,,
4654,Others,FALSE,2418,Brand,,,,,,,
2419,Cooling,TRUE,2414,,,,,,,,
6887,Fan,FALSE,2419,Brand,Color,Origin,Wattage,Warranty,Safety Mark,,
6888,Aircon,FALSE,2419,Brand,Color,Origin,Wattage,Warranty,Safety Mark,,
6889,Humidifier,FALSE,2419,Brand,Color,Origin,Wattage,Warranty,Safety Mark,,
4653,Others,FALSE,2419,Brand,,,,,,,
2420,Entertainment,TRUE,2414,,,,,,,,
6890,TV,FALSE,2420,Brand,Color,Origin,Wattage,Warranty,Safety Mark,,
6891,Video Players,FALSE,2420,Brand,Color,Origin,Wattage,Warranty,Safety Mark,,
6892,Audio,FALSE,2420,Brand,Color,Origin,Wattage,Warranty,Safety Mark,,
4652,Others,FALSE,2420,Brand,,,,,,,
2415,Others,FALSE,2414,,,,,,,,
4651,Others,FALSE,2415,Brand,,,,,,,
167,Pet Accessories,TRUE,0,,,,,,,,
821,Pet Food,TRUE,167,,,,,,,,
7049,Dog Food,FALSE,821,Type,Weight,Brand,,,,,
7051,Cat Food,FALSE,821,Type,Weight,Brand,,,,,
7052,Fish Food,FALSE,821,Type,Weight,Brand,,,,,
7053,Small Animals Food,FALSE,821,Type,Weight,Brand,,,,,
7054,Treats,FALSE,821,Type,Weight,Brand,,,,,
4607,Others,FALSE,821,Brand,,,,,,,
823,Pet Fashion,TRUE,167,,,,,,,,
7044,Clothes,FALSE,823,Type,Size,Measurements,Brand,Color,,,
7046,Pet Accessories,FALSE,823,Type,Size,Measurements,Brand,Color,,,
7047,Pet Carrier,FALSE,823,Type,Size,Measurements,Brand,Color,,,
7048,Pet Harness,FALSE,823,Type,Size,Measurements,Brand,Color,,,
4606,Others,FALSE,823,Brand,,,,,,,
2327,Pet Furniture,TRUE,167,,,,,,,,
7055,Pet Bed,FALSE,2327,Type,Pet Size,Dimensions,Material,Brand,,,
7057,Cage,FALSE,2327,Type,Pet Size,Dimensions,Material,Brand,,,
7058,Aquarium,FALSE,2327,Type,Pet Size,Dimensions,Material,Brand,,,
7059,Pet Feeder,FALSE,2327,Type,Pet Size,Dimensions,Material,Brand,,,
7060,Pet Climber,FALSE,2327,Type,Pet Size,Dimensions,Material,Brand,,,
4602,Others,FALSE,2327,Brand,,,,,,,
2328,Hygiene & Grooming ,TRUE,167,,,,,,,,
7061,Pet Brush,FALSE,2328,Type,Pet Size,Dimensions,Material,Brand,,,
7062,Pet Shampoo,FALSE,2328,Type,Pet Size,Dimensions,Material,Brand,,,
7063,Pet Litter,FALSE,2328,Type,Pet Size,Dimensions,Material,Brand,,,
7064,Pet Deodoriser,FALSE,2328,Type,Pet Size,Dimensions,Material,Brand,,,
4603,Others,FALSE,2328,Brand,,,,,,,
2329,Pet Toys,FALSE,167,,,,,,,,
4604,Others,FALSE,2329,Brand,,,,,,,
187,Others,FALSE,167,,,,,,,,
4601,Others,FALSE,187,Brand,,,,,,,
169,Food & Beverages,TRUE,0,,,,,,,,
841,Sweets & Chocolates,TRUE,169,,,,,,,,
7011,Chocolate,FALSE,841,Brand,,,,,,,
7012,Candy,FALSE,841,Brand,,,,,,,
4680,Others,FALSE,841,Brand,,,,,,,
843,Dried Food,TRUE,169,,,,,,,,
6992,Organic Food,FALSE,843,Origin,Brand,,,,,,
6993,Seafood,FALSE,843,Origin,Brand,,,,,,
6994,Bird nest,FALSE,843,Origin,Brand,,,,,,
6995,Rice,FALSE,843,Origin,Brand,,,,,,
4681,Others,FALSE,843,Brand,,,,,,,
845,Beverages,TRUE,169,,,,,,,,
6996,Juice,FALSE,845,Type,Type,Brand,,,,,
6999,Carbonated Drinks,FALSE,845,Type,Brand,,,,,,
7000,Coffee,FALSE,845,Flavor,Type,Brand,,,,,
7001,Tea,FALSE,845,Flavor,Type,Brand,,,,,
4682,Others,FALSE,845,Brand,,,,,,,
847,Snacks,TRUE,169,,,,,,,,
7002,Chips,FALSE,847,Flavor,Origin,Weight (g),Brand,,,,
7003,Biscuits,FALSE,847,Flavor,Origin,Weight (g),Brand,,,,
7004,Japanese snacks,FALSE,847,Flavor,Origin,Weight (g),Brand,,,,
4683,Others,FALSE,847,Brand,,,,,,,
9899,Korean Snacks,FALSE,847,Brand,Flavour,Origin,Weight (g),,,,
2326,Instant meals,TRUE,169,,,,,,,,
7007,Cereal,FALSE,2326,Origin,Brand,,,,,,
7008,Seasoning,FALSE,2326,Origin,Brand,,,,,,
7009,Noodles,FALSE,2326,Brand,Origin,Flavor,Type,Weight (g),,,
7010,Sauce,FALSE,2326,Flavor,Origin,Brand,,,,,
4679,Others,FALSE,2326,Brand,,,,,,,
2408,Frozen Food,FALSE,169,,,,,,,,
4678,Others,FALSE,2408,Brand,,,,,,,
188,Others,FALSE,169,,,,,,,,
4677,Others,FALSE,188,Brand,,,,,,,
14255,Alcoholic Beverages,TRUE,169,,,,,,,,
14256,Default,FALSE,14255,Brand,,,,,,,
14257,Spirits,FALSE,14255,,,,,,,,
14258,Wines,FALSE,14255,Brand,,,,,,,
14259,Champagnes,FALSE,14255,,,,,,,,
14260,Beers,FALSE,14255,Brand,,,,,,,
14261,Ciders,FALSE,14255,Brand,,,,,,,
15,Miscellaneous ,TRUE,0,,,,,,,,
2446,Adult,TRUE,15,,,,,,,,
7099,Sex Toys,FALSE,2446,Brand,,,,,,,
7100,Adult Lingerie,FALSE,2446,Brand,,,,,,,
4589,Others,FALSE,2446,Brand,,,,,,,
2717,Car Accessories,TRUE,15,,,,,,,,
7102,USB,FALSE,2717,Brand,,,,,,,
7103,Gears,FALSE,2717,Brand,,,,,,,
7104,Cleaning,FALSE,2717,Brand,,,,,,,
7106,Decoration,FALSE,2717,Brand,,,,,,,
4590,Others,FALSE,2717,Brand,,,,,,,
185,Others,FALSE,15,,,,,,,,
3709,Others,FALSE,185,Brand,,,,,,,
10450,Books,FALSE,15,,,,,,,,
10451,Others,FALSE,10450,Brand,,,,,,,
14284,TICO,FALSE,725,,,,,,,,
14339,Boys' Top,FALSE,773,Brand,,,,,,,
14340,Boys' Bottoms,FALSE,773,,,,,,,,
14341,Girls' Dresses,FALSE,773,,,,,,,,
14342,Girls' Tops,FALSE,773,,,,,,,,
14343,Girls' Bottoms,FALSE,773,Brand,,,,,,,
14344,Kids' Clothing Set,FALSE,773,,,,,,,,
14320,Sake,FALSE,14255,Brand,,,,,,,
