"Item SKU","Item Name","Item Description (short)","Item UOM","Physical Quantity (Good)","Physical Quantity (Damaged)","Quantity on-hold"
278315,"John Frieda Frizz Ease Flawless Straight Shampoo 250ml","Smoothes, softens and aligns frizzy",PIECES,1193,0,0
278178,"John Frieda Frizz Ease Forever Smooth Shampoo 250ml","Experience a new generation of",PIECES,1587,0,0
278181,"John Frieda Frizz Ease Miraculous Recovery Shampoo 250ml","Repair the look and feel",PIECES,1252,0,0
278316,"John Frieda Frizz Ease Flawless Straight Conditioner 250ml","Smoothes, softens and aligns frizzy",PIECES,1325,0,0
278179,"John Frieda Frizz Ease Forever Smooth Conditioner 250ml","Experience a new generation of",PIECES,1513,0,0
278183,"John Frieda Frizz Ease Miraculous Recovery Conditioner 250ml","Repair the look and feel",PIECES,1508,0,0
278318,"John Frieda Frizz Ease  Nourishing Oil Elixir 100ml","Nourishes hair for exceptional salon-softness",PIECES,1779,0,0
278317,"John Frieda Frizz Ease Original 6 Effects Serum 50ml","Frizz eliminator repels humidity and",PIECES,1377,0,0
297631,"John Frieda Frizz Ease Miraculous Recovery Crème Serum 50ml","Intense repair formula visibly transforms",PIECES,2488,0,0
278319,"John Frieda Frizz Ease Miraculous Recovery Deep Conditioner 150ml","Saturates, quenches and replenishes to",PIECES,791,0,0
286175,"John Frieda Frizz Ease 10 Day Tamer (Pre-wash Treatment) 150ml","Fight frizzy hair with this",PIECES,1744,0,0
297628,"John Frieda Luxurious Volume Core Restore Protein-Infused Shampoo 250ml","Fine hair lacks the protein",PIECES,384,0,0
297629,"John Frieda Luxurious Volume Core Restore Protein-Infused Clear Conditioner 250ml","Fine hair lacks the protein",PIECES,652,0,0
297630,"John Frieda Luxurious Volume Core Restore Protein-Infused Volumiser 60ml","Transforms hair to maximize strength",PIECES,676,0,0
276969,"John Frieda Luxurious Volume 7 Day Volume Treatment 100ml","Transform fine, limp hair and",PIECES,294,0,0
278323,"John Frieda Luxurious Volume Perfectly Full Mousse 200ml","3x more volume with natural-feeling",PIECES,663,0,0
278324,"John Frieda Luxurious Volume Forever Full Hairspray 250ml","Give fine hair lush body",PIECES,678,0,0
287548,"John Frieda Full Repair Strengthen + Repair Shampoo 250ml","Reverse the look and feel",PIECES,528,0,0
287549,"John Frieda Full Repair Strengthen + Repair Conditioner 250ml","Reverse the look and feel",PIECES,968,0,0
287550,"John Frieda Full Repair Hydrate + Rescue Deep Conditioner 150ml","Reverse the look and feel",PIECES,793,0,0
294634,"John Frieda Brilliant Brunette Colour Protecting Moisturising Shampoo 250ml","Don't fade away.Protecting Moisturising",PIECES,1076,0,0
294636,"John Frieda Brilliant Brunette Visibly Brighter subtle Lightening Shampoo 250ml","Give your brunette hair a",PIECES,1566,0,0
294635,"John Frieda Brilliant Brunette Colour Protecting Moisturising Conditioner 250ml","Say goodbye to faded, dry",PIECES,1321,0,0
294637,"John Frieda Brilliant Brunette Visibly Brighter Subtle Lightening Conditioner 250ml","Hydrate your hair with a",PIECES,1446,0,0
294640,"John Frieda Brilliant Brunette Visibly Brighter In-shower Lightening Treatment 34ml","It’s time to give Brunettes",PIECES,4366,0,0
405246,"Merries Walker Pants Jumbo L27s (9 - 14 kg)","Merries Walker Pants is designed",PIECES,2843,0,0
405241,"Merries Tape Diapers S54s (4 - 8 kg)","New and improved Merries Tape",PIECES,1778,0,0
278148,"Merries Walker Pants Super Jumbo XXL26s (15 - 28 kg)","Merries Walker Pants is designed",PIECES,924,0,0
405240,"Merries Tape Diapers NB60s (<5 kg)","New and improved Merries Tape",PIECES,2486,0,0
405242,"Merries Tape Diapers M64s (6 - 11 kg)","New and improved Merries Tape",PIECES,8677,0,0
405244,"Merries Tape Diapers XL44s (12 - 20 kg)","New and improved Merries Tape",PIECES,10002,0,0
405243,"Merries Tape Diapers L54s (9 - 14 kg)","New and improved Merries Tape",PIECES,7420,0,0
278150,"Merries Walker Pants Super Jumbo XL38s (12 - 22 kg)","Merries Walker Pants is designed",PIECES,10698,0,0
278149,"Merries Walker Pants Super Jumbo L44s (9 - 14 kg)","Merries Walker Pants is designed",PIECES,5553,0,0
405245,"Merries Walker Pants Jumbo M33s (6 - 11 kg)","Merries Walker Pants is designed",PIECES,3749,0,0
K700967,"John Frieda Luxurious Volume 7 Day Volume Treatment 100ml (Marketing Premium)","Transform fine, limp hair and",PIECES,1507,0,0
JF-278315,"John Frieda Frizz Ease Flawless Straight Shampoo 250ml","Smoothes, softens and aligns frizzy",PIECES,1193,0,0
JF-278178,"John Frieda Frizz Ease Forever Smooth Shampoo 250ml","Experience a new generation of",PIECES,1587,0,0
JF-278181,"John Frieda Frizz Ease Miraculous Recovery Shampoo 250ml","Repair the look and feel",PIECES,1252,0,0
JF-278316,"John Frieda Frizz Ease Flawless Straight Conditioner 250ml","Smoothes, softens and aligns frizzy",PIECES,1325,0,0
JF-278179,"John Frieda Frizz Ease Forever Smooth Conditioner 250ml","Experience a new generation of",PIECES,1513,0,0
JF-278183,"John Frieda Frizz Ease Miraculous Recovery Conditioner 250ml","Repair the look and feel",PIECES,1508,0,0
JF-278315+278316,"John Frieda Frizz Ease Flawless Straight Shampoo & Conditioner Set ","Smoothes, softens and aligns frizzy",PIECES,1193,0,0
JF-278178+278179,"John Frieda Frizz Ease Forever Smooth Shampoo & Conditioner Set","Experience a new generation of",PIECES,1513,0,0
JF-278181+278183,"John Frieda Frizz Ease Miraculous Recovery Shampoo & Conditioner Set","Repair the look and feel",PIECES,1252,0,0
JF-278318,"John Frieda Frizz Ease  Nourishing Oil Elixir 100ml","Nourishes hair for exceptional salon-softness",PIECES,1779,0,0
JF-278317,"John Frieda Frizz Ease Original 6 Effects Serum 50ml","Frizz eliminator repels humidity and",PIECES,1377,0,0
JF-278317x2,"John Frieda Frizz Ease Original 6 Effects Serum 50ml x 2","Frizz eliminator repels humidity and",PIECES,688,0,0
JF-297631,"John Frieda Frizz Ease Miraculous Recovery Crème Serum 50ml","Intense repair formula visibly transforms",PIECES,2488,0,0
JF-278319,"John Frieda Frizz Ease Miraculous Recovery Deep Conditioner 150ml","Saturates, quenches and replenishes to",PIECES,791,0,0
JF-286175,"John Frieda Frizz Ease 10 Day Tamer (Pre-wash Treatment) 150ml","Fight frizzy hair with this",PIECES,1744,0,0
JF-278315+278316+278318,"John Frieda Frizz Ease Flawless Straight Shampoo & Conditioner + Oil Elixir","Flawless Straight Shampoo & Conditioner",PIECES,1193,0,0
JF-278315+278316+278317,"John Frieda Frizz Ease Flawless Straight Shampoo & Conditioner + Original Serum","Flawless Straight Shampoo & Conditioner",PIECES,1193,0,0
JF-278178+278179+278318,"John Frieda Frizz Ease Forever Smooth Shampoo & Conditioner + Oil Elixir","Experience a new generation of",PIECES,1513,0,0
JF-278178+278179+278317,"John Frieda Frizz Ease Forever Smooth Shampoo & Conditioner + Original Serum","Experience a new generation of",PIECES,1377,0,0
JF-278181+278183+278317,"John Frieda Frizz Ease Miraculous Recovery Shampoo & Conditioner Set + Original Serum","Repair the look and feel",PIECES,1252,0,0
JF-278181+278183+297631,"John Frieda Frizz Ease Miraculous Recovery Complete Set 1 (+ Crème Serum)","Repair the look and feel",PIECES,1252,0,0
JF-278181+278183+278319,"John Frieda Frizz Ease Miraculous Recovery Complete Set 2 (+ Deep Conditioner)","Repair the look and feel",PIECES,791,0,0
JF-278178+278179+286175,"John Frieda Frizz Ease Forever Smooth Anti Frizz Set (+ 10 Day Tamer)","Experience a new generation of",PIECES,1513,0,0
JF-297628,"John Frieda Luxurious Volume Core Restore Protein-Infused Shampoo 250ml","Fine hair lacks the protein",PIECES,384,0,0
JF-297629,"John Frieda Luxurious Volume Core Restore Protein-Infused Clear Conditioner 250ml","Fine hair lacks the protein",PIECES,652,0,0
JF-297628x2,"John Frieda Luxurious Volume Core Restore Shampoo x2","Fine hair lacks the protein",PIECES,192,0,0
JF-297628+297629,"John Frieda Luxurious Volume Core Restore Shampoo & Conditioner Set ","Fine hair lacks the protein",PIECES,384,0,0
JF-297630,"John Frieda Luxurious Volume Core Restore Protein-Infused Volumiser 60ml","Transforms hair to maximize strength",PIECES,676,0,0
JF-276969,"John Frieda Luxurious Volume 7 Day Volume Treatment 100ml","Transform fine, limp hair and",PIECES,294,0,0
JF-278323,"John Frieda Luxurious Volume Perfectly Full Mousse 200ml","3x more volume with natural-feeling",PIECES,663,0,0
JF-278324,"John Frieda Luxurious Volume Forever Full Hairspray 250ml","Give fine hair lush body",PIECES,678,0,0
JF-297628+297629+297630,"John Frieda Luxurious Volume Core Restore Complete Set (+ Volumiser)","Fine hair lacks the protein",PIECES,384,0,0
JF-297628+297629+276969,"John Frieda Luxurious Volume Core Restore Volumising Set (+ 7 Day Trt)","Fine hair lacks the protein",PIECES,294,0,0
JF-287548,"John Frieda Full Repair Strengthen + Repair Shampoo 250ml","Reverse the look and feel",PIECES,528,0,0
JF-287549,"John Frieda Full Repair Strengthen + Repair Conditioner 250ml","Reverse the look and feel",PIECES,968,0,0
JF-287548+287549,"John Frieda Full Repair Shampoo & Conditioner Set","Reverse the look and feel",PIECES,528,0,0
JF-287550,"John Frieda Full Repair Hydrate + Rescue Deep Conditioner 150ml","Reverse the look and feel",PIECES,793,0,0
JF-287548+287549+287550,"John Frieda Full Repair Complete Set","Reverse the look and feel",PIECES,528,0,0
JF-294634,"John Frieda Brilliant Brunette Colour Protecting Moisturising Shampoo 250ml","Don't fade away.Protecting Moisturising",PIECES,1076,0,0
JF-294636,"John Frieda Brilliant Brunette Visibly Brighter subtle Lightening Shampoo 250ml","Give your brunette hair a",PIECES,1566,0,0
JF-294635,"John Frieda Brilliant Brunette Colour Protecting Moisturising Conditioner 250ml","Say goodbye to faded, dry",PIECES,1321,0,0
JF-294637,"John Frieda Brilliant Brunette Visibly Brighter Subtle Lightening Conditioner 250ml","Hydrate your hair with a",PIECES,1446,0,0
JF-294634+294635,"John Frieda Brilliant Brunette Colour Protecting Shampoo & Conditioner Set","Don't fade away.Protecting Moisturising",PIECES,1076,0,0
JF-294636+294637,"John Frieda Brilliant Brunette Visibly Brighter Shampoo & Conditioner Set","Give your brunette hair a",PIECES,1446,0,0
JF-294640,"John Frieda Brilliant Brunette Visibly Brighter In-shower Lightening Treatment 34ml","It’s time to give Brunettes",PIECES,4366,0,0
JF-294640x2,"John Frieda Brilliant Brunette Visibly Brighter In-shower Lightening Treatment 34ml x2","It’s time to give Brunettes",PIECES,2183,0,0
JF-294636+294637+294640,"John Frieda Brilliant Brunette Visibly Brighter Complete Set","Give your brunette hair a",PIECES,1446,0,0
M-405246x6,"Merries Walker Pants Jumbo L27s x 6 packs (9 - 14 kg)","Merries Walker Pants is designed",PIECES,475,0,1
M-405241x4,"Merries Tape Diapers S54s x 4 packs (4 - 8 kg)","New and improved Merries Tape",PIECES,445,0,1
M-278148x3,"Merries Walker Pants Super Jumbo XXL26s x 3 packs (15 - 28 kg)","Merries Walker Pants is designed",PIECES,312,0,5
M-405240x4,"Merries Tape Diapers NB60s x 4 packs (<5 kg)","New and improved Merries Tape",PIECES,621,0,0
M-405242x4,"Merries Tape Diapers M64s x 4 packs (6 - 11 kg)","New and improved Merries Tape",PIECES,2170,0,4
M-405244x4,"Merries Tape Diapers XL44s x 4 packs (12 - 20 kg)","New and improved Merries Tape",PIECES,2508,0,13
M-405243x4,"Merries Tape Diapers L54s x 4 packs (9 - 14 kg)","New and improved Merries Tape",PIECES,1863,0,7
M-278150X3,"Merries Walker Pants Super Jumbo XL38s x 3 packs (12 - 22 kg)","Merries Walker Pants is designed",PIECES,3580,0,18
M-278149X3,"Merries Walker Pants Super Jumbo L44s x 3 packs (9 - 14 kg)","Merries Walker Pants is designed",PIECES,1856,0,5
M-405245x6,"Merries Walker Pants Jumbo M33s x 6 packs (6 - 11 kg)","Merries Walker Pants is designed",PIECES,626,0,3
406203,"Curel Makeup Cleansing Gel 130g","For dry, sensitive skinThoroughly",PIECES,703,0,0
456006,"Curel Foaming Wash 150ml","For dry, sensitive skinCleanses",PIECES,845,0,0
406206,"Curel Moisture Lotion 2 150ml","For dry, sensitive skinHelps",PIECES,357,0,0
406207,"Curel Moisture Lotion 3 ENRICH 150ml","For dry, sensitive skinHelps",PIECES,161,0,0
406208,"Curel Moisture Face Milk 120ml","For dry, sensitive skinHelps",PIECES,956,0,0
406209,"Curel Intensive Moisture Cream 40g","For dry, sensitive skinHelps",PIECES,397,0,0
459522,"Curel UV Protection Milk SPF50+ PA+++ 60ml","For dry, sensitive skinProtects",PIECES,431,0,0
406218,"Curel Trial Kit 2","For dry, sensitive skin 20",PIECES,291,0,0
406219,"Curel Trial Kit 3 ENRICH","For dry, sensitive skin 20",PIECES,131,0,0
286121,"Curel Instant Foaming Body Wash 480ml","Does your skin become dry",PIECES,514,0,0
286119,"Curel Body Wash 420ml","Does your skin react when",PIECES,723,0,0
286120,"Curel Moisture Milk 220ml","For dry, sensitive skinHelps",PIECES,297,0,0
754123,"Curel Moisture Gel Lotion 220ml","Does your skin become itchy",PIECES,1260,0,0
406212,"Curel Moisture Cream 90g","For dry, sensitive skinHelps",PIECES,598,0,0
459675,"Curel Sebum Care Foaming Wash 150ml","For oily, sensitive skinControls",PIECES,1265,0,0
459676,"Curel Sebum Care Lotion 150ml","For oily, sensitive skinControls",PIECES,236,0,0
459677,"Curel Sebum Care Moisture Gel 120ml","For oily, sensitive skinControls",PIECES,171,0,0
459678,"Curel Sebum Care Trial Kit","Dual Function Sensitive Skincare Brand",PIECES,748,0,0
597746,"Curel BB Cream (Brightening) 35g","For good skin condition 365",PIECES,500,0,0
597747,"Curel BB Cream (Natural) 35g",,PIECES,547,0,0
276981,"Curel Body Wash 420ml + Free Refill 360ml","Does your skin react when",PIECES,31,0,0
286116,"Curel Shampoo 420ml","For sensitive, irritated scalp.Curel",PIECES,344,0,0
286117,"Curel Conditioner 420ml","For sensitive, irritated scalp.Curel",PIECES,508,0,0
CU-406203,"Curel Makeup Cleansing Gel 130g","<p><img alt="""" src=""https://sg-live.slatic.net/original/57e6b39c68a68e6d67839962dfe0f39a",PIECES,703,0,0
CU-456006,"Curel Foaming Wash 150ml","<p><img alt="""" src=""https://sg-live.slatic.net/original/57e6b39c68a68e6d67839962dfe0f39a",PIECES,845,0,0
CU-406206,"Curel Moisture Lotion 2 150ml","<p><img alt="""" src=""https://sg-live.slatic.net/original/57e6b39c68a68e6d67839962dfe0f39a",PIECES,357,0,0
CU-406207,"Curel Moisture Lotion 3 ENRICH 150ml","<p><img alt="""" src=""https://sg-live.slatic.net/original/57e6b39c68a68e6d67839962dfe0f39a",PIECES,161,0,0
CU-406208,"Curel Moisture Face Milk 120ml","<p><img alt="""" src=""https://sg-live.slatic.net/original/57e6b39c68a68e6d67839962dfe0f39a",PIECES,956,0,0
CU-406209,"Curel Intensive Moisture Cream 40g","<p><img alt="""" src=""https://sg-live.slatic.net/original/57e6b39c68a68e6d67839962dfe0f39a",PIECES,397,0,0
CU-459522,"Curel UV Protection Milk SPF50+ PA+++ 60ml","<p><img alt=""Curel-UV-ProductDescription.jpg"" src=""https://sg-live.slatic",PIECES,431,0,0
CU-406218,"Curel Trial Kit 2","<p><img alt="""" src=""https://sg-live.slatic.net/original/57e6b39c68a68e6d67839962dfe0f39a",PIECES,291,0,0
CU-406219,"Curel Trial Kit 3 ENRICH","<p><img alt="""" src=""https://sg-live.slatic.net/original/57e6b39c68a68e6d67839962dfe0f39a",PIECES,131,0,0
CU-286121,"Curel Instant Foaming Body Wash 480ml","<p><img alt=""Curel-MoistureBodyCareSeriesâ??InstantFoamingBodyWashOnly-ProductDescription.jpg"" src=""https://sg-live",PIECES,514,0,0
CU-286119,"Curel Body Wash 420ml","<p><img alt=""Curel-MoistureBodyCare-ProductDescription.jpg"" src=""https://sg-live.slatic",PIECES,723,0,0
CU-286120,"Curel Moisture Milk 220ml","<p><img alt=""Curel-MoistureBodyCare-ProductDescription.jpg"" src=""https://sg-live.slatic",PIECES,297,0,0
CU-754123,"Curel Moisture Gel Lotion 220ml","<p><img alt=""Curel-MoistureBodyCareSeriesâ??MoistureGelOnly-ProductDescription.jpg"" src=""https://sg-live",PIECES,1260,0,2
CU-406212,"Curel Moisture Cream 90g","<p><img alt=""Curel-MoistureBodyCare-ProductDescription.jpg"" src=""https://sg-live.slatic",PIECES,598,0,0
CU-459675,"Curel Sebum Care Foaming Wash 150ml","<p><img alt=""Curel-Sebum-Care-Product_Description.jpg"" src=""https://sg-live.slatic",PIECES,1265,0,0
CU-459676,"Curel Sebum Care Lotion 150ml","<p><img alt=""Curel-Sebum-Care-Product_Description.jpg"" src=""https://sg-live.slatic",PIECES,236,0,0
CU-459677,"Curel Sebum Care Moisture Gel 120ml","<p><img alt=""Curel-Sebum-Care-Product_Description.jpg"" src=""https://sg-live.slatic",PIECES,171,0,2
CU-459678,"Curel Sebum Care Trial Kit","Dual Function Sensitive Skincare Brand",PIECES,748,0,0
CU-597746,"Curel BB Cream (Brightening) 35g","<p><img alt=""Curel-BB-Cream-Product_Description.jpg"" src=""https://sg-live.slatic",PIECES,500,0,1
CU-597747,"Curel BB Cream (Natural) 35g","<p><img alt=""Curel-BB-Cream-Product_Description.jpg"" src=""https://sg-live.slatic",PIECES,547,0,0
CU-276981,"Curel Body Wash 420ml + Free Refill 360ml","<p><img alt=""Curel-MoistureBodyCare-ProductDescription.jpg"" src=""https://sg-live.slatic",PIECES,31,0,0
CU-286121+754123,"Curel Instant Foaming Body Wash 480ml + Moisture Gel Lotion 220ml","<p><img alt=""Curel-MoistureBodyCareSeriesâ??InstantFoamingBodyWash-MoistureGelOnly-ProductDescription.jpg"" src=""https://sg-live",PIECES,514,0,0
CU-754123x2,"Curel Moisture Gel Lotion 220ml Twin Pack","<p><img alt=""Curel-MoistureBodyCareSeriesâ??MoistureGelOnly-ProductDescription.jpg"" src=""https://sg-live",PIECES,630,0,0
CU-754123x3,"Curel Moisture Gel Lotion 220ml Triple Pack","<p><img alt=""Curel-MoistureBodyCareSeriesâ??MoistureGelOnly-ProductDescription.jpg"" src=""https://sg-live",PIECES,420,0,0
CU-456006x2,"Curel Foaming Wash 150ml Twin Pack","<p><img alt="""" src=""https://sg-live.slatic.net/original/57e6b39c68a68e6d67839962dfe0f39a",PIECES,422,0,0
CU-406203x2,"Curel Makeup Cleansing Gel 130g Twin Pack","<p><img alt="""" src=""https://sg-live.slatic.net/original/57e6b39c68a68e6d67839962dfe0f39a",PIECES,351,0,0
CU-406203+456006,"Curel Makeup Cleansing Gel 130g + Curel Foaming Wash 150ml","<p><img alt="""" src=""https://sg-live.slatic.net/original/57e6b39c68a68e6d67839962dfe0f39a",PIECES,703,0,0
CU-286121+459522,"Curel Instant Foaming Body Wash 480ml + UV Protection Milk SPF 50+ PA+++ 60ml","<p><img alt=""Curel-MoistureBodyCareSeriesâ??InstantFoamingBodyWashOnly-ProductDescription.jpg"" src=""https://sg-live",PIECES,431,0,0
CU-406209x2,"Curel Intensive Moisture Cream 40g Twin Pack","<p><img alt="""" src=""https://sg-live.slatic.net/original/57e6b39c68a68e6d67839962dfe0f39a",PIECES,198,0,0
CU-406209x3,"Curel Intensive Moisture Cream 40g Triple Pack","<p><img alt="""" src=""https://sg-live.slatic.net/original/57e6b39c68a68e6d67839962dfe0f39a",PIECES,132,0,0
CU-286116,"Curel Shampoo 420ml","<p><img alt=""Curel-DrySkin-ScalpHair-Product_Description.jpg"" src=""https://sg-live.slatic",PIECES,344,0,0
CU-286117,"Curel Conditioner 420ml","<p><img alt=""Curel-DrySkin-ScalpHair-Product_Description.jpg"" src=""https://sg-live.slatic",PIECES,508,0,0
CU-286116+286117,"Curel Shampoo 420ml + Conditioner 420ml ","<p><img alt=""Curel-DrySkin-ScalpHair-Product_Description.jpg"" src=""https://sg-live.slatic",PIECES,344,0,0
CU-286116x2,"Curel Shampoo 420ml Twin Pack","<p><img alt=""Curel-DrySkin-ScalpHair-Product_Description.jpg"" src=""https://sg-live.slatic",PIECES,172,0,0
K-295182x2,"Asience Moisture Rich Conditioner 2x 450ml",,PIECES,1299,0,0
K-295180+295182+295184,"Asience Moisture Rich Shampoo + Conditioner + Treatment",,PIECES,1196,0,0
K-295180+295182+597780,"Asience Moisture Rich Shampoo + Conditioner + Treatment Oil",,PIECES,2598,0,0
K-295180+295182,"Asience Moisture Rich Shampoo + Conditioner 450ml","Asience Moisture Rich Shampoo +",PIECES,2598,0,0
K-295180X2,"Asience Moisture Rich Shampoo 2x 450ml","Asience Moisture Rich Shampoo 2x",PIECES,2122,0,0
K-595429,"Asience Treatment Hair Mask 180g",,PIECES,2779,0,0
K-295181+295183+597781,"Asience Volume Rich  Shampoo + Conditioner + Treatment Milk",,PIECES,1741,0,0
K-295181+295183,"Asience Volume Rich Shampoo + Conditioner 450ml","Asience Volume Rich Shampoo +",PIECES,1741,0,0
K-295181X2,"Asience Volume Rich Shampoo 2x 450ml","Asience Volume Rich Shampoo 2x",PIECES,1711,0,0
K-286117,"Curel Conditioner 420ml","For sensitive, irritated scalp.Curel",PIECES,508,0,0
K-286116,"Curel Shampoo 420ml","For sensitive, irritated scalp.Curel",PIECES,344,0,0
K-286116+286117,"Curel Shampoo 420ml + Conditioner 420ml","For sensitive, irritated scalp.Curel",PIECES,344,0,0
K-286116x2,"Curel Shampoo 420ml Twin Pack","For sensitive, irritated scalp.Curel",PIECES,172,0,0
K-599357+599358,"Essential CC Oil + Night Care Milk Set","Essential CC Oil + Night",PIECES,1785,0,0
K-599357X2,"Essential CC Oil 60ml  x2","Essential CC Oil 60ml  x2",PIECES,892,0,0
K-595860+595872,"Essential Deep Cleansing Care Shampoo + Conditioner 750ml","Essential Deep Cleansing Care Shampoo",PIECES,2,0,0
K-595860X2,"Essential Deep Cleansing Care Shampoo 2x 750ml","Essential Deep Cleansing Care Shampoo",PIECES,1,0,0
K-595859+595871,"Essential Light Finish Volumising Shampoo + Conditioner 750ml","Essential Light Finish Volumising Shampoo",PIECES,2352,0,0
K-596963X2,"Essential Moisturisng Frizz Free Hair Mask 200g  x2","Essential Moisturisng Frizz Free Hair",PIECES,822,0,0
K-595849+595861+599357,"Essential Moisturisng Frizz Free Shampoo + Conditioner + Oil","Essential Moisturisng Frizz Free Shampoo",PIECES,0,0,0
K-595849+595861+597380,"Essential Moisturisng Frizz Free Shampoo + Conditioner + Treatment","Essential Moisturisng Frizz Free Shampoo",PIECES,0,0,0
K-595849+595861,"Essential Moisturisng Frizz Free Shampoo + Conditioner 750ml","Essential Moisturisng Frizz Free Shampoo",PIECES,0,0,0
K-595857X2,"Essential Moisturisng Frizz Free Shampoo 2x 750ml","Essential Moisturisng Frizz Free Shampoo",PIECES,99,0,0
K-599358X2,"Essential Night Care Milk 100ml  x2","Essential Night Care Milk 100ml",PIECES,1227,0,0
K-596964X2,"Essential Nourishing Breakage Defense Hair Mask 200g  x2","Essential Nourishing Breakage Defense Hair",PIECES,1045,0,0
K-595850+595862+599357,"Essential Nourishing Breakage Defense Shampoo + Conditioner + Oil","Essential Nourishing Breakage Defense Shampoo",PIECES,0,0,0
K-595850+595862+597381,"Essential Nourishing Breakage Defense Shampoo + Conditioner + Treatment","Essential Nourishing Breakage Defense Shampoo",PIECES,0,0,0
K-595850+595862,"Essential Nourishing Breakage Defense Shampoo + Conditioner 750ml","Essential Nourishing Breakage Defense Shampoo",PIECES,0,0,0
K-595858X2,"Essential Nourishing Breakage Defense Shampoo 2x 750ml","Essential Nourishing Breakage Defense Shampoo",PIECES,1,0,0
K-294635,"John Frieda Brilliant Brunette Colour Protecting Moisturising Conditioner 250ml","Say goodbye to faded, dry",PIECES,1321,0,0
K-294634,"John Frieda Brilliant Brunette Colour Protecting Moisturising Shampoo 250ml","Don't fade away.Protecting Moisturising",PIECES,1076,0,0
K-294634+294635,"John Frieda Brilliant Brunette Colour Protecting Shampoo & Conditioner Set","Don't fade away.Protecting Moisturising",PIECES,1076,0,0
K-294636+294637+294640,"John Frieda Brilliant Brunette Visibly Brighter Complete Set","Give your brunette hair a",PIECES,1446,0,0
K-294640,"John Frieda Brilliant Brunette Visibly Brighter In-shower Lightening Treatment 34ml","It’s time to give Brunettes",PIECES,4366,0,0
K-294640x2,"John Frieda Brilliant Brunette Visibly Brighter In-shower Lightening Treatment 34ml x2","It’s time to give Brunettes",PIECES,2183,0,0
K-294636+294637,"John Frieda Brilliant Brunette Visibly Brighter Shampoo & Conditioner Set","Give your brunette hair a",PIECES,1446,0,0
K-294637,"John Frieda Brilliant Brunette Visibly Brighter Subtle Lightening Conditioner 250ml","Hydrate your hair with a",PIECES,1446,0,0
K-294636,"John Frieda Brilliant Brunette Visibly Brighter subtle Lightening Shampoo 250ml","Give your brunette hair a",PIECES,1566,0,0
K-278318,"John Frieda Frizz Ease  Nourishing Oil Elixir 100ml","Nourishes hair for exceptional salon-softness",PIECES,1779,0,0
K-286175,"John Frieda Frizz Ease 10 Day Tamer (Pre-wash Treatment) 150ml","Fight frizzy hair with this",PIECES,1744,0,0
K-278316,"John Frieda Frizz Ease Flawless Straight Conditioner 250ml","Smoothes, softens and aligns frizzy",PIECES,1325,0,0
K-278315+278316+278318,"John Frieda Frizz Ease Flawless Straight Shampoo & Conditioner + Oil Elixir","Flawless Straight Shampoo & Conditioner",PIECES,1193,0,0
K-278315+278316+278317,"John Frieda Frizz Ease Flawless Straight Shampoo & Conditioner + Original Serum","Flawless Straight Shampoo & Conditioner",PIECES,1193,0,0
K-278315+278316,"John Frieda Frizz Ease Flawless Straight Shampoo & Conditioner Set ","Smoothes, softens and aligns frizzy",PIECES,1193,0,0
K-278315,"John Frieda Frizz Ease Flawless Straight Shampoo 250ml","Smoothes, softens and aligns frizzy",PIECES,1193,0,0
K-278178+278179+286175,"John Frieda Frizz Ease Forever Smooth Anti Frizz Set (+ 10 Day Tamer)","Experience a new generation of",PIECES,1513,0,0
K-278179,"John Frieda Frizz Ease Forever Smooth Conditioner 250ml","Experience a new generation of",PIECES,1513,0,0
K-278178+278179+278318,"John Frieda Frizz Ease Forever Smooth Shampoo & Conditioner + Oil Elixir","Experience a new generation of",PIECES,1513,0,0
K-278178+278179+278317,"John Frieda Frizz Ease Forever Smooth Shampoo & Conditioner + Original Serum","Experience a new generation of",PIECES,1377,0,0
K-278178+278179,"John Frieda Frizz Ease Forever Smooth Shampoo & Conditioner Set","Experience a new generation of",PIECES,1513,0,0
K-278178,"John Frieda Frizz Ease Forever Smooth Shampoo 250ml","Experience a new generation of",PIECES,1587,0,0
K-278181+278183+297631,"John Frieda Frizz Ease Miraculous Recovery Complete Set 1 (+ Crème Serum)","Repair the look and feel",PIECES,1252,0,0
K-278181+278183+278319,"John Frieda Frizz Ease Miraculous Recovery Complete Set 2 (+ Deep Conditioner)","Repair the look and feel",PIECES,791,0,0
K-278183,"John Frieda Frizz Ease Miraculous Recovery Conditioner 250ml","Repair the look and feel",PIECES,1508,0,0
K-297631,"John Frieda Frizz Ease Miraculous Recovery Crème Serum 50ml","Intense repair formula visibly transforms",PIECES,2488,0,0
K-278319,"John Frieda Frizz Ease Miraculous Recovery Deep Conditioner 150ml","Saturates, quenches and replenishes to",PIECES,791,0,0
K-278181+278183,"John Frieda Frizz Ease Miraculous Recovery Shampoo & Conditioner Set","Repair the look and feel",PIECES,1252,0,0
K-278181+278183+278317,"John Frieda Frizz Ease Miraculous Recovery Shampoo & Conditioner Set + Original Serum","Repair the look and feel",PIECES,1252,0,0
K-278181,"John Frieda Frizz Ease Miraculous Recovery Shampoo 250ml","Repair the look and feel",PIECES,1252,0,0
K-278317,"John Frieda Frizz Ease Original 6 Effects Serum 50ml","Frizz eliminator repels humidity and",PIECES,1377,0,0
K-278317X2,"John Frieda Frizz Ease Original 6 Effects Serum 50ml x 2","Frizz eliminator repels humidity and",PIECES,688,0,0
K-287548+287549+287550,"John Frieda Full Repair Complete Set","Reverse the look and feel",PIECES,528,0,0
K-287550,"John Frieda Full Repair Hydrate + Rescue Deep Conditioner 150ml","Reverse the look and feel",PIECES,793,0,0
K-287548+287549,"John Frieda Full Repair Shampoo & Conditioner Set","Reverse the look and feel",PIECES,528,0,0
K-287549,"John Frieda Full Repair Strengthen + Repair Conditioner 250ml","Reverse the look and feel",PIECES,968,0,0
K-287548,"John Frieda Full Repair Strengthen + Repair Shampoo 250ml","Reverse the look and feel",PIECES,528,0,0
K-276969,"John Frieda Luxurious Volume 7 Day Volume Treatment 100ml","Transform fine, limp hair and",PIECES,294,0,0
K-297628+297629+297630,"John Frieda Luxurious Volume Core Restore Complete Set (+ Volumiser)","Fine hair lacks the protein",PIECES,384,0,0
K-297629,"John Frieda Luxurious Volume Core Restore Protein-Infused Clear Conditioner 250ml","Fine hair lacks the protein",PIECES,652,0,0
K-297628,"John Frieda Luxurious Volume Core Restore Protein-Infused Shampoo 250ml","Fine hair lacks the protein",PIECES,384,0,0
K-297630,"John Frieda Luxurious Volume Core Restore Protein-Infused Volumiser 60ml","Transforms hair to maximize strength",PIECES,676,0,0
K-297628+297629,"John Frieda Luxurious Volume Core Restore Shampoo & Conditioner Set ","Fine hair lacks the protein",PIECES,384,0,0
K-297628x2,"John Frieda Luxurious Volume Core Restore Shampoo x2","Fine hair lacks the protein",PIECES,192,0,0
K-297628+297629+276969,"John Frieda Luxurious Volume Core Restore Volumising Set (+ 7 Day Trt)","Fine hair lacks the protein",PIECES,294,0,0
K-278324,"John Frieda Luxurious Volume Forever Full Hairspray 250ml","Give fine hair lush body",PIECES,678,0,0
K-278323,"John Frieda Luxurious Volume Perfectly Full Mousse 200ml","3x more volume with natural-feeling",PIECES,663,0,0
K-278164,"Liese Blaune Creamy Foam Color Ash Beige",,PIECES,3087,0,0
K-278163,"Liese Blaune Creamy Foam Color Beige Brown",,PIECES,5124,0,0
K-278162,"Liese Blaune Creamy Foam Color Black Brown",,PIECES,947,0,0
K-278160,"Liese Blaune Creamy Foam Color Bronze Brown",,PIECES,999,0,0
K-278161,"Liese Blaune Creamy Foam Color Brown",,PIECES,837,0,1
K-278159,"Liese Blaune Creamy Foam Color Golden Brown",,PIECES,1148,0,0
K-278157,"Liese Blaune Creamy Foam Color Pinkish Brown",,PIECES,3881,0,0
K-278158,"Liese Blaune Creamy Foam Color Rose Brown",,PIECES,780,0,0
K-755468,"Liese Blaune One-Touch Color Bronze Brown",,PIECES,3081,0,0
K-755470,"Liese Blaune One-Touch Color Brown",,PIECES,2856,0,0
K-755469,"Liese Blaune One-Touch Color Dark Bronze Brown",,PIECES,2825,0,0
K-755472,"Liese Blaune One-Touch Color Dark Brown",,PIECES,2963,0,0
K-755471,"Liese Blaune One-Touch Color Medium Brown",,PIECES,3443,0,0
K-278166,"Liese Blaune Treatment Cream Color Black Brown",,PIECES,2966,0,0
K-595820,"Liese Blaune Treatment Cream Color Dark Brown",,PIECES,1932,0,0
K-595822,"Liese Blaune Treatment Cream Color Light Brown",,PIECES,1293,0,0
K-595823,"Liese Blaune Treatment Cream Color Lighter Brown",,PIECES,1466,0,0
K-595821,"Liese Blaune Treatment Cream Color Medium Brown",,PIECES,2005,0,0
K-595824,"Liese Blaune Treatment Cream Color Ultra Light Brown",,PIECES,1740,0,0
K-597529,"Liese Creamy Bubble Color Antique Rose",,PIECES,980,0,0
K-597526,"Liese Creamy Bubble Color Ash Brown",,PIECES,1292,0,0
K-298629,"Liese Creamy Bubble Color Biscuit Beige",,PIECES,1555,0,0
K-597527,"Liese Creamy Bubble Color Black Tea Brown",,PIECES,1383,0,0
K-597514,"Liese Creamy Bubble Color Cassis Berry",,PIECES,865,0,0
K-597520,"Liese Creamy Bubble Color Chestnut Brown",,PIECES,624,0,0
K-597522,"Liese Creamy Bubble Color Classic Chocolat",,PIECES,891,0,0
K-597521,"Liese Creamy Bubble Color Dark Chocolat",,PIECES,792,0,0
K-597513,"Liese Creamy Bubble Color Jewel Pink",,PIECES,946,0,0
K-278314,"Liese Creamy Bubble Color Maple Red",,PIECES,5,0,0
K-597512,"Liese Creamy Bubble Color Marshmallow Brown",,PIECES,923,0,0
K-597519,"Liese Creamy Bubble Color Milk Tea Brown",,PIECES,1478,0,0
K-295217,"Liese Creamy Bubble Color Milky Beige",,PIECES,1604,0,0
K-298628,"Liese Creamy Bubble Color Mint Ash",,PIECES,1039,0,0
K-597528,"Liese Creamy Bubble Color Natural Black",,PIECES,899,0,0
K-597518,"Liese Creamy Bubble Color Natural Mocha",,PIECES,837,0,0
K-541305,"Liese Creamy Bubble Color Platinum Beige",,PIECES,2497,0,0
K-297214,"Liese Creamy Bubble Color Red Velvet",,PIECES,5431,0,0
K-597516,"Liese Creamy Bubble Color Rose Tea Brown",,PIECES,418,0,0
K-597515,"Liese Creamy Bubble Color Sweet Apricot",,PIECES,1488,0,1
K-598994,"Biore Aqua Jelly Makeup Remover",,PIECES,1053,0,0
K-298190x2,"Biore Cleansing Gel Makeup Remover x2",,PIECES,819,0,1
K-144567,"Biore Cleansing Oil 150ml",,PIECES,3385,0,0
K-459448x3,"Biore Cleansing Oil Cotton Sheets Handy Pack 10s Triple Pack",,PIECES,4076,0,1
K-458409x2,"Biore Cleansing Oil Cotton Sheets Refill 44s Twin Pack",,PIECES,2249,0,2
K-458408,"Biore Cleansing Oil Cotton Sheets Regular 44s",,PIECES,4027,0,0
K-309651x2,"Biore Eye and Lip Makeup Remover 130ml Twin Pack",,PIECES,1146,0,0
K-286939x2,"Biore Facial Foam Acne Care 130g x2",,PIECES,278,0,0
K-278237x2,"Biore Facial Foam Deep Clean 130g x2",,PIECES,1339,0,0
K-286833x2,"Biore Facial Foam Extra Moist 130g x2",,PIECES,1352,0,0
K-286831x2,"Biore Facial Foam Mild 130g x2",,PIECES,1915,0,0
K-286832x2,"Biore Facial Foam Scrub 130g x2",,PIECES,1566,0,0
K-455898,"Biore Marshmallow Whip Acne Care Facial Wash 150ml",,PIECES,2447,0,0
K-455899x2,"Biore Marshmallow Whip Acne Care Facial Wash Refill 130ml x2",,PIECES,305,0,0
K-278236,"Biore Marshmallow Whip Deep Clean Facial Wash 150ml",,PIECES,1262,0,0
K-456007,"Biore Marshmallow Whip Facial Wash 150ml",,PIECES,4719,0,0
K-456008x2,"Biore Marshmallow Whip Facial Wash Refill 130ml x2",,PIECES,1188,0,0
K-754184,"Biore Micellar Cleansing Water (Acne) 300ml",,PIECES,2945,0,0
K-287645,"Biore Micellar Cleansing Water (Moist Up) 300ml",,PIECES,1650,0,0
K-278238,"Biore Micellar Cleansing Water (Oil Control) 300ml",,PIECES,1619,0,0
K-163260x3,"Biore Pore Pack 10s x3",,PIECES,4823,0,5
K-301875x3,"Biore Pore Pack Black 10s x3",,PIECES,3577,0,0
K-306795x4,"Biore Sara Sara Body Powder Sheets (Citrus) 10s x4",,PIECES,1914,0,0
K-306305x4,"Biore Sara Sara Body Powder Sheets (Floral) 10s x4",,PIECES,2182,0,0
K-541443,"Biore UV Aqua Rich Watery Essence SPF 50+ PA++++ 50g","Biore UV Aqua Rich Watery",PIECES,4027,0,0
K-541441,"Biore UV Aqua Rich Watery Gel SPF 50+ PA++++ 90ml","Biore UV Aqua Rich Watery",PIECES,4718,0,0
K-597714,"Biore UV Bright Face Milk SPF 50+ PA++++ 30ml","Biore UV Bright Face Milk",PIECES,2965,0,0
K-278197,"Biore UV Mild Milk (for kids) SPF 50+ PA++++ 90g","Biore UV Mild Milk (for",PIECES,1346,0,0
K-597715,"Biore UV Perfect Face Milk SPF 50+ PA++++ 30ml","Biore UV Perfect Face Milk",PIECES,4412,0,0
K-597716,"Biore UV Perfect Milk SPF 50 PA++++ 40ml","Biore UV Perfect Milk SPF",PIECES,3484,0,0
K-541442x2,"Biore UV Perfect Spray SPF 50+ PA++++ 75g Twin Pack",,PIECES,2593,0,0
K-597746,"Curel BB Cream (Brightening) 35g","For good skin condition 365",PIECES,500,0,0
K-597747,"Curel BB Cream (Natural) 35g","Curel BB Cream (Natural) 35g",PIECES,547,0,0
K-286119,"Curel Body Wash 420ml","Does your skin react when",PIECES,723,0,0
K-276981,"Curel Body Wash 420ml + Free Refill 360ml","Does your skin react when",PIECES,31,0,0
K-456006,"Curel Foaming Wash 150ml","For dry, sensitive skinCleanses",PIECES,845,0,0
K-456006x2,"Curel Foaming Wash 150ml Twin Pack","For dry, sensitive skinCleanses",PIECES,422,0,0
K-286121,"Curel Instant Foaming Body Wash 480ml","Does your skin become dry",PIECES,514,0,0
K-286121+754123,"Curel Instant Foaming Body Wash 480ml + Moisture Gel Lotion 220ml",,PIECES,514,0,0
K-286121+459522,"Curel Instant Foaming Body Wash 480ml + UV Protection Milk SPF 50+ PA+++ 60ml","For dry, sensitive skinUV",PIECES,431,0,0
K-406209,"Curel Intensive Moisture Cream 40g","For dry, sensitive skinHelps",PIECES,397,0,0
K-406209x3,"Curel Intensive Moisture Cream 40g Triple Pack","For dry, sensitive skinHelps",PIECES,132,0,0
K-406209x2,"Curel Intensive Moisture Cream 40g Twin Pack","For dry, sensitive skinHelps",PIECES,198,0,0
K-406203,"Curel Makeup Cleansing Gel 130g","For dry, sensitive skinThoroughly",PIECES,703,0,0
K-406203+456006,"Curel Makeup Cleansing Gel 130g + Curel Foaming Wash 150ml","For dry, sensitive skinThoroughly",PIECES,703,0,0
K-406203x2,"Curel Makeup Cleansing Gel 130g Twin Pack","For dry, sensitive skinThoroughly",PIECES,351,0,0
K-406212,"Curel Moisture Cream 90g","For dry, sensitive skinHelps",PIECES,598,0,0
K-406208,"Curel Moisture Face Milk 120ml","For dry, sensitive skinHelps",PIECES,956,0,0
K-754123,"Curel Moisture Gel Lotion 220ml","Does your skin become itchy",PIECES,1260,0,0
K-754123x3,"Curel Moisture Gel Lotion 220ml Triple Pack","Does your skin become itchy",PIECES,420,0,1
K-754123x2,"Curel Moisture Gel Lotion 220ml Twin Pack","Does your skin become itchy",PIECES,630,0,0
K-406206,"Curel Moisture Lotion 2 150ml","For dry, sensitive skinHelps",PIECES,357,0,0
K-406207,"Curel Moisture Lotion 3 ENRICH 150ml","For dry, sensitive skinHelps",PIECES,161,0,0
K-286120,"Curel Moisture Milk 220ml","For dry, sensitive skinHelps",PIECES,297,0,0
K-459675,"Curel Sebum Care Foaming Wash 150ml","For oily, sensitive skinControls",PIECES,1265,0,0
K-459676,"Curel Sebum Care Lotion 150ml","For oily, sensitive skinControls",PIECES,236,0,0
K-459677,"Curel Sebum Care Moisture Gel 120ml","For oily, sensitive skinControls",PIECES,171,0,0
K-459678,"Curel Sebum Care Trial Kit","Dual Function Sensitive Skincare Brand",PIECES,748,0,1
K-406218,"Curel Trial Kit 2","For dry, sensitive skin 20",PIECES,291,0,0
K-406219,"Curel Trial Kit 3 ENRICH","For dry, sensitive skin 20",PIECES,131,0,0
K-459522,"Curel UV Protection Milk SPF50+ PA+++ 60ml","For dry, sensitive skinProtects",PIECES,431,0,0
K-597949x2,"Jergens Age Defying Moisturiser 400ml x2",,PIECES,1664,0,0
K-595102x2,"Jergens Daily Moisture Moisturiser 400ml x2",,PIECES,1919,0,0
K-540891x2,"Jergens Hydrating Coconut Moisturiser 400ml x2",,PIECES,1564,0,0
K-595100x2,"Jergens Soothing Aloe Moisturiser 400ml x2",,PIECES,1644,0,0
K-595099x2,"Jergens Ultra Healing Moisturiser 400ml x2",,PIECES,1650,0,0
K-754528x2,"Men's Biore Black and White Double Scrub Facial Wash 130g x2",,PIECES,1196,0,0
K-597744x2,"Men's Biore Cool Gel Deodorant Body Wash 440ml Twin Pack",,PIECES,749,0,0
K-591869x2,"Men's Biore Double Acne Control Facial Wash 130g x2",,PIECES,1732,0,0
K-747224x2,"Men's Biore Double Acne Control Instant Foaming Wash 150ml x2",,PIECES,568,0,0
K-403773x2,"Men's Biore Double Active Instant Foaming Wash 150ml x2",,PIECES,941,0,0
K-591868x2,"Men's Biore Double Active Micro Scrub 130g x2",,PIECES,952,0,0
K-756225x2,"Men's Biore Double Oil Control Cool Scrub 130g x2",,PIECES,595,0,0
K-754531x2,"Men's Biore Double Oil Control Cooling Facial Wash 130g x2",,PIECES,1119,0,0
K-747223x2,"Men's Biore Double Oil Control Icy Instant Foaming Wash 150ml x2",,PIECES,430,0,0
K-597743x2,"Men's Biore Fresh Mint Deodorant Body Wash 440ml Twin Pack",,PIECES,725,0,0
K-597742x2,"Men's Biore Mild Soap Deodorant Body Wash 440ml Twin Pack",,PIECES,533,0,0
K-163278x3,"Men's Biore Pore Pack 10s x3",,PIECES,2205,0,0
K-304658x3,"Men's Biore Pore Pack Black 10s x3",,PIECES,2133,0,1
K-595660x2,"MegRhythm Steam Eye Mask Chamomile-Ginger 5P (x2 Twin Pack)",,PIECES,1440,0,0
K-595660x2+597397x2,"MegRhythm Steam Eye Mask Chamomile-Ginger 5P (x2) + Ripe Citrus 5P (x2)",,PIECES,1440,0,0
K-595660x3+597397x3,"MegRhythm Steam Eye Mask Chamomile-Ginger 5P (x3) + Ripe Citrus 5P (x3)",,PIECES,960,0,0
K-595660x4,"MegRhythm Steam Eye Mask Chamomile-Ginger 5P (x4 Bundle Pack)",,PIECES,720,0,0
K-595660x6,"MegRhythm Steam Eye Mask Chamomile-Ginger 5P (x6 Bundle Pack)",,PIECES,480,0,0
K-595660+597397,"MegRhythm Steam Eye Mask Chamomile-Ginger 5P + Ripe Citrus 5P",,PIECES,2880,0,0
K-595661x2,"MegRhythm Steam Eye Mask Fresh Rose 5P (x2 Twin Pack)",,PIECES,1710,0,0
K-595661x4,"MegRhythm Steam Eye Mask Fresh Rose 5P (x4 Bundle Pack)",,PIECES,855,0,0
K-595661x6,"MegRhythm Steam Eye Mask Fresh Rose 5P (x6 Bundle Pack)",,PIECES,570,0,0
K-597397x2,"MegRhythm Steam Eye Mask Fully Ripe Citrus 5P (x2 Twin Pack)",,PIECES,1789,0,0
K-597397x4,"MegRhythm Steam Eye Mask Fully Ripe Citrus 5P (x4 Bundle Pack)",,PIECES,894,0,0
K-597397x6,"MegRhythm Steam Eye Mask Fully Ripe Citrus 5P (x6 Bundle Pack)",,PIECES,596,0,0
K-595659x2,"MegRhythm Steam Eye Mask Lavender-Sage 5P (x2 Twin Pack)",,PIECES,5763,0,0
K-595659x2+597397x2,"MegRhythm Steam Eye Mask Lavender-Sage 5P (x2)  + Ripe Citrus 5P (x2)",,PIECES,1789,0,0
K-595659x2+595660x2,"MegRhythm Steam Eye Mask Lavender-Sage 5P (x2) + Chamomile-Ginger 5P (x2)",,PIECES,1440,0,0
K-595659x2+595660x2+597397x2,"MegRhythm Steam Eye Mask Lavender-Sage 5P (x2) + Chamomile-Ginger 5P (x2) + Ripe Citrus 5P (x2)",,PIECES,1440,0,0
K-595659x3+597397x3,"MegRhythm Steam Eye Mask Lavender-Sage 5P (x3)  + Ripe Citrus 5P (x3)",,PIECES,1193,0,0
K-595659x3+595660x3,"MegRhythm Steam Eye Mask Lavender-Sage 5P (x3) + Chamomile-Ginger 5P (x3)",,PIECES,960,0,0
K-595659x4,"MegRhythm Steam Eye Mask Lavender-Sage 5P (x4 Bundle Pack)",,PIECES,2881,0,0
K-595659x6,"MegRhythm Steam Eye Mask Lavender-Sage 5P (x6 Bundle Pack)",,PIECES,1921,0,0
K-595659+595660,"MegRhythm Steam Eye Mask Lavender-Sage 5P + Chamomile-Ginger 5P",,PIECES,2880,0,0
K-595659+595660+595661+597397,"MegRhythm Steam Eye Mask Lavender-Sage 5P + Chamomile-Ginger 5P + Fresh Rose 5P + Ripe Citrus 5P ",,PIECES,2880,0,0
K-595659+597397,"MegRhythm Steam Eye Mask Lavender-Sage 5P + Ripe Citrus 5P",,PIECES,3579,0,0
K-754535,"MegRhythm Steam Eye Mask Limited Edition For Her For Him Promo Pack",,PIECES,2,0,0
K-595658x2,"MegRhythm Steam Eye Mask Unscented 5P (x2 Twin Pack)",,PIECES,2255,0,0
K-595658x2+595660x2,"MegRhythm Steam Eye Mask Unscented 5P (x2) + Chamomile-Ginger 5P (x2)",,PIECES,1440,0,0
K-595658x2+595659x2,"MegRhythm Steam Eye Mask Unscented 5P (x2) + Lavender-Sage 5P (x2)",,PIECES,2255,0,0
K-595658x2+595659x2+595660x2,"MegRhythm Steam Eye Mask Unscented 5P (x2) + Lavender-Sage 5P (x2) + Chamomile-Ginger 5P (x2)",,PIECES,1440,0,0
K-595658x2+595659x2+597397x2,"MegRhythm Steam Eye Mask Unscented 5P (x2) + Lavender-Sage 5P (x2) + Ripe Citrus 5P (x2)",,PIECES,1789,0,0
K-595658x2+597397x2,"MegRhythm Steam Eye Mask Unscented 5P (x2) + Ripe Citrus 5P (x2)",,PIECES,1789,0,0
K-595658x3+595660x3,"MegRhythm Steam Eye Mask Unscented 5P (x3) + Chamomile-Ginger 5P (x3)",,PIECES,960,0,0
K-595658x3+595659x3,"MegRhythm Steam Eye Mask Unscented 5P (x3) + Lavender-Sage 5P (x3)",,PIECES,1503,0,0
K-595658x3+597397x3,"MegRhythm Steam Eye Mask Unscented 5P (x3) + Ripe Citrus 5P (x3)",,PIECES,1193,0,0
K-595658x4,"MegRhythm Steam Eye Mask Unscented 5P (x4 Bundle Pack)",,PIECES,1127,0,0
K-595658x6,"MegRhythm Steam Eye Mask Unscented 5P (x6 Bundle Pack)",,PIECES,751,0,0
K-595658+595660,"MegRhythm Steam Eye Mask Unscented 5P + Chamomile-Ginger 5P",,PIECES,2880,0,0
K-595658+595659,"MegRhythm Steam Eye Mask Unscented 5P + Lavender-Sage 5P",,PIECES,4510,0,1
K-595658+595659+595660+597397,"MegRhythm Steam Eye Mask Unscented 5P + Lavender-Sage 5P + Chamomile-Ginger 5P + Ripe Citrus 5P",,PIECES,2880,0,0
K-595658+597397,"MegRhythm Steam Eye Mask Unscented 5P + Ripe Citrus 5P",,PIECES,3579,0,0
K-596941,"Laurier Active Fit Deodorant Ag+ Pantyliners 36pcs",,PIECES,1997,0,0
K-596941x3,"Laurier Active Fit Deodorant Ag+ Pantyliners 36pcs Triple Pack",,PIECES,665,0,0
K-454219x3,"Laurier Active Fit Pantyliners Nonscented 40pcs Triple Pack",,PIECES,5964,0,0
K-454221x3,"Laurier Active Fit Pantyliners Scented 40pcs Triple Pack",,PIECES,6059,0,0
K-599914,"Laurier Active Fit Safety Long & Wide Pantyliners 40pcs",,PIECES,5051,0,0
K-599914x3,"Laurier Active Fit Safety Long & Wide Pantyliners 40pcs Triple Pack",,PIECES,1683,0,0
K-534532,"Laurier F Pantyliners Nonscented 54pcs",,PIECES,2800,0,0
K-534532x2,"Laurier F Pantyliners Nonscented 54pcs Twin Pack",,PIECES,1400,0,0
K-534533,"Laurier F Pantyliners Scented 54pcs",,PIECES,4627,0,0
K-534533x2,"Laurier F Pantyliners Scented 54pcs Twin Pack",,PIECES,2313,0,0
K-284884x3,"Laurier Safety Comfort Day Slim Non Wings 22cm 30pcs Triple Pack",,PIECES,2728,0,0
K-284885x3,"Laurier Safety Comfort Day Slim Wings 22cm 16pcs Triple Pack",,PIECES,1868,0,0
K-459476x3,"Laurier Safety Comfort Day Ultra Slim Wings 25cm 14pcs Triple Pack",,PIECES,2840,0,0
K-294916,"Laurier Safety Comfort Night Slim Wings 30cm 16pcs",,PIECES,18180,0,0
K-294916x3,"Laurier Safety Comfort Night Slim Wings 30cm 16pcs Triple Pack",,PIECES,6060,0,0
K-294918,"Laurier Safety Comfort Night Slim Wings 35cm 12pcs",,PIECES,34765,0,0
K-294918x3,"Laurier Safety Comfort Night Slim Wings 35cm 12pcs Triple Pack",,PIECES,11588,0,0
K-409773,"Laurier Safety Comfort Night Slim Wings with Gathers 35cm 8pcs ",,PIECES,9087,0,0
K-409773x3,"Laurier Safety Comfort Night Slim Wings with Gathers 35cm 8pcs Triple Pack",,PIECES,3029,0,0
K-453722,"Laurier Safety Comfort Night Slim Wings with Gathers 40cm 8pcs ",,PIECES,7827,0,0
K-453722x3,"Laurier Safety Comfort Night Slim Wings with Gathers 40cm 8pcs Triple Pack",,PIECES,2609,0,0
K-277890,"Laurier Super Slimguard Day 22.5cm 20pcs",,PIECES,15887,0,0
K-277890x3,"Laurier Super Slimguard Day 22.5cm 20pcs Triple Pack",,PIECES,5295,0,0
K-277892,"Laurier Super Slimguard Day 25cm 16pcs",,PIECES,6080,0,0
K-277892x3,"Laurier Super Slimguard Day 25cm 16pcs Triple Pack",,PIECES,2026,0,0
K-277846x3,"Laurier Super Slimguard Light Flow 17cm 20pcs Triple Pack",,PIECES,3282,0,0
K-277897,"Laurier Super Slimguard Night 30cm 16pcs",,PIECES,11647,0,0
K-277897x3,"Laurier Super Slimguard Night 30cm 16pcs Triple Pack",,PIECES,3882,0,0
K-277848,"Laurier Super Slimguard Night 35cm 8pcs",,PIECES,11757,0,0
K-277848x3,"Laurier Super Slimguard Night 35cm 8pcs Triple Pack",,PIECES,3919,0,0
K-295308,"Laurier Super Slimguard Night 40cm 8pcs",,PIECES,14025,0,0
K-295308x3,"Laurier Super Slimguard Night 40cm 8pcs Triple Pack",,PIECES,4675,0,0
K-534506,"Laurier Ultra Gentle Day Ultra Slim 22.5cm 16pcs ",,PIECES,11563,0,0
K-534506x3,"Laurier Ultra Gentle Day Ultra Slim 22.5cm 16pcs Triple Pack",,PIECES,3854,0,0
K-544843,"Laurier Ultra Gentle Day Ultra Slim 25cm 15pcs",,PIECES,5440,0,0
K-544843x3,"Laurier Ultra Gentle Day Ultra Slim 25cm 15pcs Triple Pack",,PIECES,1813,0,0
K-534504x3,"Laurier Ultra Gentle Light Flow Ultra Slim 20.5cm 18pcs Triple Pack",,PIECES,1793,0,0
K-534510,"Laurier Ultra Gentle Night Slim 30cm 10pcs",,PIECES,17079,0,0
K-534510x3,"Laurier Ultra Gentle Night Slim 30cm 10pcs Triple Pack",,PIECES,5693,0,0
K-534528,"Laurier Ultra Gentle Night Slim 34cm 9pcs",,PIECES,13291,0,0
K-534528x3,"Laurier Ultra Gentle Night Slim 34cm 9pcs Triple Pack",,PIECES,4430,0,0
K-534529,"Laurier Ultra Gentle Night Slim 40cm 7pcs",,PIECES,4391,0,0
K-534529x3,"Laurier Ultra Gentle Night Slim 40cm 7pcs Triple Pack",,PIECES,1463,0,0
K-405246x6,"Merries Walker Pants Jumbo L27s x 6 packs (9 - 14 kg)","Merries Walker Pants Jumbo L27s",PIECES,475,0,1
K-405241x4,"Merries Tape Diapers S54s x 4 packs (4 - 8 kg)","Merries Tape Diapers S54s x",PIECES,445,0,0
K-278148x3,"Merries Walker Pants Super Jumbo XXL26s x 3 packs (15 - 28 kg)","Merries Walker Pants Super Jumbo",PIECES,312,0,2
K-405240x4,"Merries Tape Diapers NB60s x 4 packs (<5 kg)","Merries Tape Diapers NB60s x",PIECES,621,0,0
K-405242x4,"Merries Tape Diapers M64s x 4 packs (6 - 11 kg)","Merries Tape Diapers M64s x",PIECES,2170,0,0
K-405244x4,"Merries Tape Diapers XL44s x 4 packs (12 - 20 kg)","Merries Tape Diapers XL44s x",PIECES,2508,0,1
K-405243x4,"Merries Tape Diapers L54s x 4 packs (9 - 14 kg)","Merries Tape Diapers L54s x",PIECES,1863,0,3
K-278150x3,"Merries Walker Pants Super Jumbo XL38s x 3 packs (12 - 22 kg)","Merries Walker Pants Super Jumbo",PIECES,3580,0,5
K-278149x3,"Merries Walker Pants Super Jumbo L44s x 3 packs (9 - 14 kg)","Merries Walker Pants Super Jumbo",PIECES,1856,0,0
K-405245x6,"Merries Walker Pants Jumbo M33s x 6 packs (6 - 11 kg)","Merries Walker Pants Jumbo M33s",PIECES,626,0,0
K-545787+541997+452156,"MAGICLEAN 3 STEP BATHROOM&TOILET CLEANER (1 STAIN & MOLD TRIGGER + 1 BATHROOM&TOILET TRIGGER + 1 TOILET DUAL POWER FOREST)",,PIECES,5241,0,1
K-545787+541997+452155,"MAGICLEAN 3 STEP BATHROOM&TOILET CLEANER (1 STAIN & MOLD TRIGGER + 1 BATHROOM&TOILET TRIGGER + 1 TOILET DUAL POWER OCEAN)",,PIECES,4086,0,0
K-295920+295923,"ATTACK COLOUR LIQUID (1 BOTTLE + 1 REFILL)",,PIECES,3061,0,0
K-295920,"ATTACK COLOUR LIQUID LAUNDRY DETERGENT 3.6KG",,PIECES,4327,0,0
K-295920x2,"ATTACK COLOUR LIQUID LAUNDRY DETERGENT 3.6KG (SET OF 2)",,PIECES,2163,0,0
K-295923x2,"ATTACK COLOUR LIQUID LAUNDRY DETERGENT REFILL 1.4KG (SET OF 2)",,PIECES,1530,0,0
K-295923x3,"ATTACK COLOUR LIQUID LAUNDRY DETERGENT REFILL 1.4KG (SET OF 3)",,PIECES,1020,0,0
K-294813,"ATTACK COLOUR POWDER LAUNDRY DETERGENT 1.6KG",,PIECES,8448,0,0
K-294813x2,"ATTACK COLOUR POWDER LAUNDRY DETERGENT 1.6KG (SET OF 2)",,PIECES,4224,0,0
K-294813x3,"ATTACK COLOUR POWDER LAUNDRY DETERGENT 1.6KG (SET OF 3)",,PIECES,2816,0,0
K-294813x4,"ATTACK COLOUR POWDER LAUNDRY DETERGENT 1.6KG (SET OF 4)",,PIECES,2112,0,0
K-294815,"ATTACK COLOUR POWDER LAUNDRY DETERGENT 3KG",,PIECES,4538,0,0
K-294815x2,"ATTACK COLOUR POWDER LAUNDRY DETERGENT 3KG (SET OF 2)",,PIECES,2269,0,0
K-294815x3,"ATTACK COLOUR POWDER LAUNDRY DETERGENT 3KG (SET OF 3)",,PIECES,1512,0,0
K-295942+295944,"ATTACK PERFUME FLORAL LIQUID (1 BOTTLE + 1 REFILL)",,PIECES,6030,0,0
K-295942,"ATTACK PERFUME FLORAL LIQUID LAUNDRY DETERGENT 3.6KG",,PIECES,6030,0,0
K-295942x2,"ATTACK PERFUME FLORAL LIQUID LAUNDRY DETERGENT 3.6KG (SET OF 2)",,PIECES,3015,0,0
K-295944x2,"ATTACK PERFUME FLORAL LIQUID LAUNDRY DETERGENT REFILL 1.4KG (SET OF 2)",,PIECES,3994,0,0
K-295944x3,"ATTACK PERFUME FLORAL LIQUID LAUNDRY DETERGENT REFILL 1.4KG (SET OF 3)",,PIECES,2662,0,0
K-295926+295939,"ATTACK PERFUME FRUITY LIQUID (1 BOTTLE + 1 REFILL)",,PIECES,2111,0,0
K-295926,"ATTACK PERFUME FRUITY LIQUID LAUNDRY DETERGENT 3.6KG",,PIECES,2374,0,0
K-295926x2,"ATTACK PERFUME FRUITY LIQUID LAUNDRY DETERGENT 3.6KG (SET OF 2)",,PIECES,1187,0,0
K-295939x2,"ATTACK PERFUME FRUITY LIQUID LAUNDRY DETERGENT REFILL 1.4KG (SET OF 2)",,PIECES,1055,0,0
K-295939x3,"ATTACK PERFUME FRUITY LIQUID LAUNDRY DETERGENT REFILL 1.4KG (SET OF 3)",,PIECES,703,0,0
K-294824,"ATTACK PLUS SOFTENER (FLORAL ROMANCE) POWDER LAUNDRY DETERGENT 1.4KG",,PIECES,1943,0,0
K-294824x2,"ATTACK PLUS SOFTENER (FLORAL ROMANCE) POWDER LAUNDRY DETERGENT 1.4KG (SET OF 2)",,PIECES,971,0,0
K-294824x3,"ATTACK PLUS SOFTENER (FLORAL ROMANCE) POWDER LAUNDRY DETERGENT 1.4KG (SET OF 3)",,PIECES,647,0,0
K-294824x4,"ATTACK PLUS SOFTENER (FLORAL ROMANCE) POWDER LAUNDRY DETERGENT 1.4KG (SET OF 4)",,PIECES,485,0,0
K-294819,"ATTACK PLUS SOFTENER (SWEET FLORAL) POWDER LAUNDRY DETERGENT 1.4KG","ATTACK PLUS SOFTENER (SWEET FLORAL)",PIECES,4980,0,0
K-294819x2,"ATTACK PLUS SOFTENER (SWEET FLORAL) POWDER LAUNDRY DETERGENT 1.4KG (SET OF 2)",,PIECES,2490,0,0
K-294819x3,"ATTACK PLUS SOFTENER (SWEET FLORAL) POWDER LAUNDRY DETERGENT 1.4KG (SET OF 3)",,PIECES,1660,0,0
K-294819x4,"ATTACK PLUS SOFTENER (SWEET FLORAL) POWDER LAUNDRY DETERGENT 1.4KG (SET OF 4)",,PIECES,1245,0,0
K-294820,"ATTACK PLUS SOFTENER (SWEET FLORAL) POWDER LAUNDRY DETERGENT 2.8KG",,PIECES,4651,0,0
K-294820x2,"ATTACK PLUS SOFTENER (SWEET FLORAL) POWDER LAUNDRY DETERGENT 2.8KG (SET OF 2)",,PIECES,2325,0,0
K-294820x3,"ATTACK PLUS SOFTENER (SWEET FLORAL) POWDER LAUNDRY DETERGENT 2.8KG (SET OF 3)",,PIECES,1550,0,0
K-295948+295945,"ATTACK PLUS SOFTENER LIQUID (1 BOTTLE + 1 REFILL)",,PIECES,5501,0,0
K-295948,"ATTACK PLUS SOFTENER LIQUID LAUNDRY DETERGENT 3.6KG",,PIECES,5501,0,0
K-295948x2,"ATTACK PLUS SOFTENER LIQUID LAUNDRY DETERGENT 3.6KG (SET OF 2)",,PIECES,2750,0,0
K-295945x2,"ATTACK PLUS SOFTENER LIQUID LAUNDRY DETERGENT REFILL 1.4KG (SET OF 2)",,PIECES,3059,0,0
K-295945x3,"ATTACK PLUS SOFTENER LIQUID LAUNDRY DETERGENT REFILL 1.4KG (SET OF 3)",,PIECES,2039,0,0
K-597702,"ATTACK QUICK CLEAN LAUNDRY DETERGENT 400G",,PIECES,1598,0,0
K-597702X2,"ATTACK QUICK CLEAN LAUNDRY DETERGENT 400G (SET OF 2)",,PIECES,799,0,0
K-597703,"ATTACK QUICK CLEAN LAUNDRY DETERGENT REFILL 360G",,PIECES,2106,0,0
K-597703x2,"ATTACK QUICK CLEAN LAUNDRY DETERGENT REFILL 360G (SET OF 2)",,PIECES,1053,0,0
K-597702+597703,"ATTACK QUICK CLEAN LAUNDRY DETERGENT SET (1 BOTTLE + 1 REFILL)",,PIECES,1598,0,0
K-295918+295914,"ATTACK ULTRA POWER LIQUID (1 BOTTLE + 1 REFILL) ",,PIECES,6353,0,0
K-295918,"ATTACK ULTRA POWER LIQUID LAUNDRY DETERGENT 4KG",,PIECES,6353,0,0
K-295918x2,"ATTACK ULTRA POWER LIQUID LAUNDRY DETERGENT 4KG (SET OF 2)",,PIECES,3176,0,0
K-295914x2,"ATTACK ULTRA POWER LIQUID LAUNDRY DETERGENT REFILL 1.6KG (SET OF 2)",,PIECES,3357,0,0
K-295914x3,"ATTACK ULTRA POWER LIQUID LAUNDRY DETERGENT REFILL 1.6KG (SET OF 3)",,PIECES,2238,0,0
K-288640,"ATTACK ULTRA POWER POWDER LAUNDRY DETERGENT 1.6KG",,PIECES,8270,0,0
K-288640x2,"ATTACK ULTRA POWER POWDER LAUNDRY DETERGENT 1.6KG (SET OF 2)",,PIECES,4135,0,0
K-288640x3,"ATTACK ULTRA POWER POWDER LAUNDRY DETERGENT 1.6KG (SET OF 3)",,PIECES,2756,0,0
K-288640x4,"ATTACK ULTRA POWER POWDER LAUNDRY DETERGENT 1.6KG (SET OF 4)",,PIECES,2067,0,0
K-288642,"ATTACK ULTRA POWER POWDER LAUNDRY DETERGENT 3KG",,PIECES,2181,0,0
K-288642x2,"ATTACK ULTRA POWER POWDER LAUNDRY DETERGENT 3KG (SET OF 2)",,PIECES,1090,0,0
K-288642x3,"ATTACK ULTRA POWER POWDER LAUNDRY DETERGENT 3KG (SET OF 3)",,PIECES,727,0,0
K-278185,"FLOOR MAGICLEAN CRYSTAL SHINE 1.8L",,PIECES,5588,0,0
K-278185x2,"FLOOR MAGICLEAN CRYSTAL SHINE 1.8L (SET OF 2)",,PIECES,2794,0,0
K-285678,"FLOOR MAGICLEAN FLOWER BLISS 2L",,PIECES,3101,0,0
K-285678x2,"FLOOR MAGICLEAN FLOWER BLISS 2L (SET OF 2)",,PIECES,1550,0,0
K-285677,"FLOOR MAGICLEAN FRESH FLORAL 2L",,PIECES,6541,0,0
K-285677x2,"FLOOR MAGICLEAN FRESH FLORAL 2L (SET OF 2)",,PIECES,3270,0,0
K-285675,"FLOOR MAGICLEAN GREEN APPLE 2L",,PIECES,3794,0,0
K-285675x2,"FLOOR MAGICLEAN GREEN APPLE 2L (SET OF 2)",,PIECES,1897,0,1
K-285674,"FLOOR MAGICLEAN LAVENDER 2L",,PIECES,8734,0,0
K-285674x2,"FLOOR MAGICLEAN LAVENDER 2L (SET OF 2)",,PIECES,4367,0,0
K-285676,"FLOOR MAGICLEAN LEMON 2L",,PIECES,8924,0,0
K-285676x2,"FLOOR MAGICLEAN LEMON 2L (SET OF 2)",,PIECES,4462,0,2
K-285685,"FLOOR MAGICLEAN MINTY COOL 2L",,PIECES,2199,0,0
K-285685X2,"FLOOR MAGICLEAN MINTY COOL 2L (SET OF 2)","FLOOR MAGICLEAN MINTY COOL 2L",PIECES,1099,0,0
K-193286x2,"KAO BLEACH 1.5L (SET OF 2)",,PIECES,8880,0,0
K-193286x3,"KAO BLEACH 1.5L (SET OF 3)",,PIECES,5920,0,0
K-193278x2,"KAO BLEACH FLORAL 1.5L (SET OF 2)",,PIECES,541,0,0
K-193278x3,"KAO BLEACH FLORAL 1.5L (SET OF 3)",,PIECES,360,0,0
K-193283x2,"KAO BLEACH LEMON 1.5L (SET OF 2)",,PIECES,0,0,0
K-193283x3,"KAO BLEACH LEMON 1.5L (SET OF 3)",,PIECES,0,0,0
K-402683,"KAO COLOUR BLEACH LIQUID 2L",,PIECES,19408,0,0
K-402683x2,"KAO COLOUR BLEACH LIQUID 2L (SET OF 2)",,PIECES,9704,0,0
K-402683x3,"KAO COLOUR BLEACH LIQUID 2L (SET OF 3)",,PIECES,6469,0,0
K-402683x4,"KAO COLOUR BLEACH LIQUID 2L (SET OF 4)",,PIECES,4852,0,0
K-402682,"KAO COLOUR BLEACH LIQUID 3L",,PIECES,8290,0,1
K-402682X2,"KAO COLOUR BLEACH LIQUID 3L (SET OF 2)","KAO COLOUR BLEACH LIQUID 3L",PIECES,4145,0,0
K-402682X3,"KAO COLOUR BLEACH LIQUID 3L (SET OF 3)","KAO COLOUR BLEACH LIQUID 3L",PIECES,2763,0,0
K-402682X4,"KAO COLOUR BLEACH LIQUID 3L (SET OF 4)","KAO COLOUR BLEACH LIQUID 3L",PIECES,2072,0,0
K-541995+541996,"MAGICLEAN BATHROOM BUNDLE PACK (1 TRIGGER + 1 REFILL)",,PIECES,7935,0,0
K-541996,"MAGICLEAN BATHROOM REFILL LEMON 500ML",,PIECES,12353,0,0
K-541996x12,"MAGICLEAN BATHROOM REFILL LEMON 500ML (CARTON OF 12)",,PIECES,514,0,0
K-541996x2,"MAGICLEAN BATHROOM REFILL LEMON 500ML (SET OF 2)",,PIECES,6176,0,0
K-541996x4,"MAGICLEAN BATHROOM REFILL LEMON 500ML (SET OF 4)",,PIECES,3088,0,0
K-541995,"MAGICLEAN BATHROOM TRIGGER LEMON 500ML",,PIECES,7935,0,0
K-541995x2,"MAGICLEAN BATHROOM TRIGGER LEMON 500ML (SET OF 2)",,PIECES,3967,0,0
K-541997+541998X2,"MAGICLEAN BATHROOM&TOILET LAVENDER BUNDLE PACK (TRIGGER + 2 REFILL)","MAGICLEAN BATHROOM&TOILET LAVENDER BUNDLE PACK",PIECES,6126,0,0
K-541997+541998,"MAGICLEAN BATHROOM&TOILET LAVENDER BUNDLE PACK (TRIGGER + REFILL)",,PIECES,6741,0,0
K-541998,"MAGICLEAN BATHROOM&TOILET LAVENDER REFILL 500ML",,PIECES,12253,0,0
K-541998x24,"MAGICLEAN BATHROOM&TOILET LAVENDER REFILL 500ML (CARTON OF 24)",,PIECES,510,0,0
K-541998x3,"MAGICLEAN BATHROOM&TOILET LAVENDER REFILL 500ML (SET OF 3)",,PIECES,4084,0,1
K-541997,"MAGICLEAN BATHROOM&TOILET LAVENDER TRIGGER 500ML",,PIECES,6741,0,0
K-541997x2,"MAGICLEAN BATHROOM&TOILET LAVENDER TRIGGER 500ML (SET OF 2)",,PIECES,3370,0,1
K-531091x3+535478x3,"MAGICLEAN DRY & WET BUNDLE SET (DRY SHEET 20S X 3 + WET SHEET 8S X 3)",,PIECES,12957,0,1
K-531090+288482,"MAGICLEAN DUST SET (1 WIPER MOP + 1 HANDY SYSTEM)",,PIECES,6175,0,0
K-531090+288483,"MAGICLEAN DUST SET EXTENDABLE (1 WIPER MOP + 1 HANDY SYSTEM EXTENDABLE)",,PIECES,9034,0,0
K-747819,"MAGICLEAN FABRIC FRESHENER FRESH & LIGHT 370ML ",,PIECES,2141,0,0
K-747819x3,"MAGICLEAN FABRIC FRESHENER FRESH & LIGHT 370ML  (Set of 3)",,PIECES,713,0,0
K-747819x12,"MAGICLEAN FABRIC FRESHENER FRESH & LIGHT 370ML (CARTON OF 12)",,PIECES,178,0,0
K-532895,"MAGICLEAN FABRIC FRESHENER PURE BLOSSOM 370ML",,PIECES,895,0,0
K-532895x12,"MAGICLEAN FABRIC FRESHENER PURE BLOSSOM 370ML (CARTON OF 12)",,PIECES,74,0,0
K-532895x3,"MAGICLEAN FABRIC FRESHENER PURE BLOSSOM 370ML (Set of 3)",,PIECES,298,0,0
K-585449,"MAGICLEAN FABRIC FRESHENER REFRESHING MINT 370ML ",,PIECES,0,0,0
K-585449x3,"MAGICLEAN FABRIC FRESHENER REFRESHING MINT 370ML  (Set of 3)",,PIECES,0,0,0
K-585449x12,"MAGICLEAN FABRIC FRESHENER REFRESHING MINT 370ML (CARTON OF 12)",,PIECES,0,0,0
K-592224x4,"MAGICLEAN GLASS REFILL 500ML (SET OF 4)",,PIECES,1948,0,0
K-592223x4,"MAGICLEAN GLASS TRIGGER 500ML (SET OF 4)",,PIECES,2363,0,0
K-592223+592224x3,"MAGICLEAN GLASS TRIGGER 500ML + 3 SET REFILL 500ML",,PIECES,2597,0,0
K-288483,"MAGICLEAN HANDY DUSTER EXTENDABLE 1 SET",,PIECES,13071,0,0
K-288484,"MAGICLEAN HANDY DUSTER REFILL 3S",,PIECES,12547,0,0
K-288484X24,"MAGICLEAN HANDY DUSTER REFILL 3S (CARTON OF 24)",,PIECES,522,0,0
K-288484X3,"MAGICLEAN HANDY DUSTER REFILL 3S (SET OF 3)",,PIECES,4182,0,0
K-288482+288483,"MAGICLEAN HANDY SYSTEM + EXTENDABLE 1 SET",,PIECES,6175,0,0
K-288482,"MAGICLEAN HANDY SYSTEM 1 SET",,PIECES,6175,0,0
K-585459x20,"MAGICLEAN KITCHEN BLEACH 600ML (CARTON OF 20)",,PIECES,186,0,0
K-585459x2,"MAGICLEAN KITCHEN BLEACH 600ML (SET OF 2)",,PIECES,1867,0,0
K-592217+592218,"MAGICLEAN KITCHEN GREEN APPLE BUNDLE PACK (1 TRIGGER + 1 REFILL)",,PIECES,5573,0,0
K-592215+592216,"MAGICLEAN KITCHEN LIME BUNDLE PACK (1 TRIGGER + 1 REFILL)",,PIECES,559,0,0
K-592218,"MAGICLEAN KITCHEN REFILL GREEN APPLE 500ML ",,PIECES,8298,0,0
K-592218x24,"MAGICLEAN KITCHEN REFILL GREEN APPLE 500ML (CARTON OF 24)",,PIECES,345,0,0
K-592218x3,"MAGICLEAN KITCHEN REFILL GREEN APPLE 500ML (SET OF 3)",,PIECES,2766,0,0
K-592216,"MAGICLEAN KITCHEN REFILL LIME 500ML",,PIECES,8059,0,0
K-592216x3,"MAGICLEAN KITCHEN REFILL LIME 500ML (SET OF 3)",,PIECES,2686,0,2
K-592216x24,"MAGICLEAN KITCHEN REFILL LIME 50ML (CARTON OF 24)",,PIECES,335,0,0
K-592217,"MAGICLEAN KITCHEN TRIGGER GREEN APPLE 500ML",,PIECES,5573,0,0
K-592217x2,"MAGICLEAN KITCHEN TRIGGER GREEN APPLE 500ML (SET OF 2)",,PIECES,2786,0,1
K-592215,"MAGICLEAN KITCHEN TRIGGER LIME 500ML",,PIECES,559,0,0
K-592215x2,"MAGICLEAN KITCHEN TRIGGER LIME 500ML (SET OF 2)",,PIECES,279,0,0
K-582821,"MAGICLEAN PIPE DECLOGGER 500G",,PIECES,7099,0,0
K-582821x2,"MAGICLEAN PIPE DECLOGGER 500G (SET OF 2)",,PIECES,3549,0,0
K-597738+582821,"MAGICLEAN SINK&PIPE + MAGICLEAN PIPE DECLOGGER",,PIECES,4608,0,0
K-597738+597739,"MAGICLEAN SINK&PIPE BUNDLE PACK (1 TRIGGER + 1 REFILL)",,PIECES,4406,0,0
K-597739,"MAGICLEAN SINK&PIPE CLEANER REFILL 500ML",,PIECES,4406,0,0
K-597739x2,"MAGICLEAN SINK&PIPE CLEANER REFILL 500ML (SET OF 2)",,PIECES,2203,0,0
K-597739x3,"MAGICLEAN SINK&PIPE CLEANER REFILL 500ML (SET OF 3)",,PIECES,1468,0,0
K-597738,"MAGICLEAN SINK&PIPE CLEANER TRIGGER 500ML",,PIECES,4608,0,0
K-597738x2,"MAGICLEAN SINK&PIPE CLEANER TRIGGER 500ML (SET OF 2)",,PIECES,2304,0,0
K-545787x2+531097x2,"MAGICLEAN STAIN & MOLD REMOVER BUNDLE PACK (2 TRIGGER + 2 REFILL)",,PIECES,8500,0,0
K-531097x12,"MAGICLEAN STAIN & MOLD REMOVER REFILL (CARTON OF 12)",,PIECES,1416,0,1
K-531097,"MAGICLEAN STAIN & MOLD REMOVER REFILL 400ML",,PIECES,17000,0,0
K-531097x2,"MAGICLEAN STAIN & MOLD REMOVER REFILL 400ML (SET OF 2) ",,PIECES,8500,0,0
K-531097x3,"MAGICLEAN STAIN & MOLD REMOVER REFILL 400ML (SET OF 3) ",,PIECES,5666,0,0
K-545787,"MAGICLEAN STAIN & MOLD REMOVER TRIGGER 400ML",,PIECES,26484,0,0
K-545787x2,"MAGICLEAN STAIN & MOLD REMOVER TRIGGER 400ML (SET OF 2)",,PIECES,13242,0,2
K-452153x12,"MAGICLEAN TOILET BLEACH POWER 500ML (CARTON OF 12)",,PIECES,704,0,0
K-452153x2,"MAGICLEAN TOILET BLEACH POWER 500ML (SET OF 2)",,PIECES,4224,0,0
K-452153x4,"MAGICLEAN TOILET BLEACH POWER 500ML (SET OF 4)",,PIECES,2112,0,2
K-452154x12,"MAGICLEAN TOILET BLEACH POWER LEMON 500ML (CARTON OF 12)",,PIECES,763,0,0
K-452154x2,"MAGICLEAN TOILET BLEACH POWER LEMON 500ML (SET OF 2)",,PIECES,4583,0,0
K-452154x4,"MAGICLEAN TOILET BLEACH POWER LEMON 500ML (SET OF 4)",,PIECES,2291,0,0
K-452156x12,"MAGICLEAN TOILET DUAL POWER FOREST FRESH 650ML (CARTON OF 12)",,PIECES,436,0,0
K-452156x2,"MAGICLEAN TOILET DUAL POWER FOREST FRESH 650ML (SET OF 2)",,PIECES,2620,0,0
K-452156x4,"MAGICLEAN TOILET DUAL POWER FOREST FRESH 650ML (SET OF 4)",,PIECES,1310,0,0
K-452155x12,"MAGICLEAN TOILET DUAL POWER OCEAN FRESH 650ML (CARTON OF 12)",,PIECES,340,0,0
K-452155x2,"MAGICLEAN TOILET DUAL POWER OCEAN FRESH 650ML (SET OF 2)",,PIECES,2043,0,0
K-452155x4,"MAGICLEAN TOILET DUAL POWER OCEAN FRESH 650ML (SET OF 4)",,PIECES,1021,0,0
K-531091,"MAGICLEAN WIPER DRY SHEETS 20s",,PIECES,94333,0,0
K-531091x24,"MAGICLEAN WIPER DRY SHEETS 20s (CARTON OF 24)",,PIECES,3930,0,0
K-531091x2,"MAGICLEAN WIPER DRY SHEETS 20S (SET OF 2)",,PIECES,47166,0,0
K-531091x3,"MAGICLEAN WIPER DRY SHEETS 20S (SET OF 3)",,PIECES,31444,0,5
K-531090,"MAGICLEAN WIPER MOP 1 SET",,PIECES,9034,0,1
K-531090+531091+535478,"MAGICLEAN WIPER STARTER SET (1 WIPER MOP + 1 DRY SHEET 20S + 1 WET SHEET 8S)",,PIECES,9034,0,0
K-297447,"MAGICLEAN WIPER WET SHEET 16s ",,PIECES,7588,0,0
K-297447x2,"MAGICLEAN WIPER WET SHEET 16s (SET OF 2)",,PIECES,3794,0,0
K-535478,"MAGICLEAN WIPER WET SHEET 8s ",,PIECES,38871,0,0
K-535478x3,"MAGICLEAN WIPER WET SHEET 8s (SET OF 3)",,PIECES,12957,0,1
K-297449x20,"MAGICLEAN WIPER WET SHEET JASMINE (CARTON OF 20)",,PIECES,393,0,0
K-297449,"MAGICLEAN WIPER WET SHEET JASMINE 16s ",,PIECES,7862,0,0
K-297449x2,"MAGICLEAN WIPER WET SHEET JASMINE 16S (SET OF 2)",,PIECES,3931,0,0
K-297448x20,"MAGICLEAN WIPER WET SHEET ROSE (CARTON OF 20)",,PIECES,323,0,0
K-297448,"MAGICLEAN WIPER WET SHEET ROSE 16s ",,PIECES,6463,0,0
K-297448x2,"MAGICLEAN WIPER WET SHEET ROSE 16S (SET OF 2)",,PIECES,3231,0,0
"K-535478x20 ","MAGICLEAN WIPER WET SHEETS 8S (CARTON OF 20)",,PIECES,1943,0,1
295182,"Asience Moisture Rich Conditioner  450ml",,PIECES,2598,0,0
295180,"Asience Moisture Rich Shampoo  450ml",,PIECES,4244,0,0
595429,"Asience Treatment Hair Mask 180g",,PIECES,2779,0,0
295181,"Asience Volume Rich Shampoo  450ml",,PIECES,3422,0,0
599357,"Essential CC Oil 60ml  ",,PIECES,1785,0,0
595860,"Essential Deep Cleansing Care Shampoo  750ml",,PIECES,2,0,0
596963,"Essential Moisturisng Frizz Free Hair Mask 200g  ",,PIECES,1644,0,0
595857,"Essential Moisturisng Frizz Free Shampoo  750ml",,PIECES,198,0,0
599358,"Essential Night Care Milk 100ml  ",,PIECES,2454,0,0
596964,"Essential Nourishing Breakage Defense Hair Mask 200g  ",,PIECES,2091,0,0
595858,"Essential Nourishing Breakage Defense Shampoo  750ml",,PIECES,2,0,0
278164,"Liese Blaune Creamy Foam Color Ash Beige",,PIECES,3087,0,0
278163,"Liese Blaune Creamy Foam Color Beige Brown",,PIECES,5124,0,0
278162,"Liese Blaune Creamy Foam Color Black Brown",,PIECES,947,0,0
278160,"Liese Blaune Creamy Foam Color Bronze Brown",,PIECES,999,0,0
278161,"Liese Blaune Creamy Foam Color Brown",,PIECES,837,0,0
278159,"Liese Blaune Creamy Foam Color Golden Brown",,PIECES,1148,0,0
278157,"Liese Blaune Creamy Foam Color Pinkish Brown",,PIECES,3881,0,0
278158,"Liese Blaune Creamy Foam Color Rose Brown",,PIECES,780,0,0
755468,"Liese Blaune One-Touch Color Bronze Brown",,PIECES,3081,0,0
755470,"Liese Blaune One-Touch Color Brown",,PIECES,2856,0,0
755469,"Liese Blaune One-Touch Color Dark Bronze Brown",,PIECES,2825,0,0
755472,"Liese Blaune One-Touch Color Dark Brown",,PIECES,2963,0,0
755471,"Liese Blaune One-Touch Color Medium Brown",,PIECES,3443,0,0
278166,"Liese Blaune Treatment Cream Color Black Brown",,PIECES,2966,0,0
595820,"Liese Blaune Treatment Cream Color Dark Brown",,PIECES,1932,0,0
595822,"Liese Blaune Treatment Cream Color Light Brown",,PIECES,1293,0,0
595823,"Liese Blaune Treatment Cream Color Lighter Brown",,PIECES,1466,0,0
595821,"Liese Blaune Treatment Cream Color Medium Brown",,PIECES,2005,0,0
595824,"Liese Blaune Treatment Cream Color Ultra Light Brown",,PIECES,1740,0,0
597529,"Liese Creamy Bubble Color Antique Rose",,PIECES,980,0,0
597526,"Liese Creamy Bubble Color Ash Brown",,PIECES,1292,0,0
298629,"Liese Creamy Bubble Color Biscuit Beige",,PIECES,1555,0,0
597527,"Liese Creamy Bubble Color Black Tea Brown",,PIECES,1383,0,0
597514,"Liese Creamy Bubble Color Cassis Berry",,PIECES,865,0,0
597520,"Liese Creamy Bubble Color Chestnut Brown",,PIECES,624,0,0
597522,"Liese Creamy Bubble Color Classic Chocolat",,PIECES,891,0,0
597521,"Liese Creamy Bubble Color Dark Chocolat",,PIECES,792,0,0
597513,"Liese Creamy Bubble Color Jewel Pink",,PIECES,946,0,0
278314,"Liese Creamy Bubble Color Maple Red",,PIECES,5,0,0
597512,"Liese Creamy Bubble Color Marshmallow Brown",,PIECES,923,0,0
597519,"Liese Creamy Bubble Color Milk Tea Brown",,PIECES,1478,0,0
295217,"Liese Creamy Bubble Color Milky Beige",,PIECES,1604,0,0
298628,"Liese Creamy Bubble Color Mint Ash",,PIECES,1039,0,0
597528,"Liese Creamy Bubble Color Natural Black",,PIECES,899,0,0
597518,"Liese Creamy Bubble Color Natural Mocha",,PIECES,837,0,0
541305,"Liese Creamy Bubble Color Platinum Beige",,PIECES,2497,0,0
297214,"Liese Creamy Bubble Color Red Velvet",,PIECES,5431,0,0
597516,"Liese Creamy Bubble Color Rose Tea Brown",,PIECES,418,0,0
597515,"Liese Creamy Bubble Color Sweet Apricot",,PIECES,1488,0,0
595859,"Essential Light Finish Volumising Shampoo 750ml",,PIECES,2352,0,0
595871,"Essential Light Finish Volumising Conditioner 750ml",,PIECES,2935,0,0
595849,"Essential Moisturisng Frizz Free Shampoo 750ml",,PIECES,0,0,0
595861,"Essential Moisturisng Frizz Free Conditioner 750ml",,PIECES,84,0,0
595850,"Essential Nourishing Breakage Defense Shampoo 750ml",,PIECES,0,0,0
595862,"Essential Nourishing Breakage Defense Conditioner 750ml",,PIECES,0,0,0
295183,"Asience Volume Rich Conditioner 450ml",,PIECES,1741,0,0
595872,"Essential Deep Cleansing Care Conditioner 750ml",,PIECES,700,0,0
295184,"Asience Moisture Rich Treatment",,PIECES,1196,0,0
597780,"Asience Moisture Rich Treatment Oil",,PIECES,3466,0,0
597781,"Asience Volume Rich Treatment Milk",,PIECES,2834,0,0
597380,"Essential Moisturisng Frizz Free Treatment",,PIECES,1866,0,0
597381,"Essential Nourishing Breakage DefenseTreatment",,PIECES,2,0,0
598994,"Biore Aqua Jelly Makeup Remover",,PIECES,1053,0,0
144567,"Biore Cleansing Oil 150ml",,PIECES,3385,0,0
459448,"Biore Cleansing Oil Cotton Sheets Handy Pack 10s ",,PIECES,12229,0,0
458409,"Biore Cleansing Oil Cotton Sheets Refill 44s ",,PIECES,4499,0,0
458408,"Biore Cleansing Oil Cotton Sheets Regular 44s",,PIECES,4027,0,0
309651,"Biore Eye and Lip Makeup Remover 130ml ",,PIECES,2292,0,0
286939,"Biore Facial Foam Acne Care 130g ",,PIECES,557,0,0
278237,"Biore Facial Foam Deep Clean 130g ",,PIECES,2678,0,0
286833,"Biore Facial Foam Extra Moist 130g ",,PIECES,2705,0,0
286831,"Biore Facial Foam Mild 130g ",,PIECES,3830,0,0
286832,"Biore Facial Foam Scrub 130g ",,PIECES,3132,0,0
455898,"Biore Marshmallow Whip Acne Care Facial Wash 150ml",,PIECES,2447,0,0
455899,"Biore Marshmallow Whip Acne Care Facial Wash Refill 130ml ",,PIECES,611,0,0
278236,"Biore Marshmallow Whip Deep Clean Facial Wash 150ml",,PIECES,1262,0,0
456007,"Biore Marshmallow Whip Facial Wash 150ml",,PIECES,4719,0,0
456008,"Biore Marshmallow Whip Facial Wash Refill 130ml ",,PIECES,2376,0,0
754184,"Biore Micellar Cleansing Water (Acne) 300ml",,PIECES,2945,0,0
287645,"Biore Micellar Cleansing Water (Moist Up) 300ml",,PIECES,1650,0,0
278238,"Biore Micellar Cleansing Water (Oil Control) 300ml",,PIECES,1619,0,0
163260,"Biore Pore Pack 10s ",,PIECES,14470,0,0
301875,"Biore Pore Pack Black 10s ",,PIECES,10732,0,0
306795,"Biore Sara Sara Body Powder Sheets (Citrus) 10s ",,PIECES,7659,0,0
306305,"Biore Sara Sara Body Powder Sheets (Floral) 10s ",,PIECES,8729,0,0
541443,"Biore UV Aqua Rich Watery Essence SPF 50+ PA++++ 50g",,PIECES,4027,0,0
541441,"Biore UV Aqua Rich Watery Gel SPF 50+ PA++++ 90ml",,PIECES,4718,0,0
597714,"Biore UV Bright Face Milk SPF 50+ PA++++ 30ml",,PIECES,2965,0,0
278197,"Biore UV Mild Milk (for kids) SPF 50+ PA++++ 90g",,PIECES,1346,0,0
597715,"Biore UV Perfect Face Milk SPF 50+ PA++++ 30ml",,PIECES,4412,0,0
597716,"Biore UV Perfect Milk SPF 50 PA++++ 40ml",,PIECES,3484,0,0
541442,"Biore UV Perfect Spray SPF 50+ PA++++ 75g ",,PIECES,5186,0,0
597949,"Jergens Age Defying Moisturiser 400ml ",,PIECES,3329,0,0
595102,"Jergens Daily Moisture Moisturiser 400ml ",,PIECES,3838,0,0
540891,"Jergens Hydrating Coconut Moisturiser 400ml ",,PIECES,3128,0,0
595100,"Jergens Soothing Aloe Moisturiser 400ml ",,PIECES,3288,0,0
595099,"Jergens Ultra Healing Moisturiser 400ml ",,PIECES,3300,0,0
754528,"Men's Biore Black and White Double Scrub Facial Wash 130g ",,PIECES,2392,0,0
597744,"Men's Biore Cool Gel Deodorant Body Wash 440ml ",,PIECES,1499,0,0
591869,"Men's Biore Double Acne Control Facial Wash 130g ",,PIECES,3465,0,0
747224,"Men's Biore Double Acne Control Instant Foaming Wash 150ml ",,PIECES,1137,0,0
747222,"Men's Biore Double Active Instant Foaming Wash 150ml ",,PIECES,1882,0,0
591868,"Men's Biore Double Active Micro Scrub 130g ",,PIECES,1904,0,0
756225,"Men's Biore Double Oil Control Cool Scrub 130g ",,PIECES,1190,0,0
754531,"Men's Biore Double Oil Control Cooling Facial Wash 130g ",,PIECES,2238,0,0
747223,"Men's Biore Double Oil Control Icy Instant Foaming Wash 150ml ",,PIECES,860,0,0
597743,"Men's Biore Fresh Mint Deodorant Body Wash 440ml ",,PIECES,1451,0,0
597742,"Men's Biore Mild Soap Deodorant Body Wash 440ml ",,PIECES,1067,0,0
163278,"Men's Biore Pore Pack 10s ",,PIECES,6617,0,0
304658,"Men's Biore Pore Pack Black 10s ",,PIECES,6398,0,0
298190,"Biore Cleansing Gel Makeup Remover",,PIECES,1637,0,0
595660,"MegRhythm Steam Eye Mask Chamomile-Ginger 5P",,PIECES,2880,0,0
595661,"MegRhythm Steam Eye Mask Fresh Rose 5P",,PIECES,3420,0,0
597397,"MegRhythm Steam Eye Mask Fully Ripe Citrus 5P",,PIECES,3579,0,0
595659,"MegRhythm Steam Eye Mask Lavender-Sage 5P",,PIECES,11527,0,0
754535,"MegRhythm Steam Eye Mask Limited Edition For Her For Him Promo Pack",,PIECES,2,0,0
595658,"MegRhythm Steam Eye Mask Unscented 5P",,PIECES,4510,0,0
596941,"Laurier Active Fit Deodorant Ag+ Pantyliners 36pcs",,PIECES,1997,0,0
454219,"Laurier Active Fit Pantyliners Nonscented 40pcs",,PIECES,17894,0,0
454221,"Laurier Active Fit Pantyliners Scented 40pcs",,PIECES,18178,0,0
599914,"Laurier Active Fit Safety Long & Wide Pantyliners 40pcs",,PIECES,5051,0,0
534532,"Laurier F Pantyliners Nonscented 54pcs",,PIECES,2800,0,0
534533,"Laurier F Pantyliners Scented 54pcs",,PIECES,4627,0,0
284884,"Laurier Safety Comfort Day Slim Non Wings 22cm 30pcs",,PIECES,8184,0,0
284885,"Laurier Safety Comfort Day Slim Wings 22cm 16pcs",,PIECES,5606,0,0
459476,"Laurier Safety Comfort Day Ultra Slim Wings 25cm 14pcs",,PIECES,8520,0,0
294916,"Laurier Safety Comfort Night Slim Wings 30cm 16pcs",,PIECES,18180,0,0
294918,"Laurier Safety Comfort Night Slim Wings 35cm 12pcs",,PIECES,34765,0,0
409773,"Laurier Safety Comfort Night Slim Wings with Gathers 35cm 8pcs ",,PIECES,9087,0,0
453722,"Laurier Safety Comfort Night Slim Wings with Gathers 40cm 8pcs ",,PIECES,7827,0,0
277890,"Laurier Super Slimguard Day 22.5cm 20pcs",,PIECES,15887,0,0
277892,"Laurier Super Slimguard Day 25cm 16pcs",,PIECES,6080,0,0
277846,"Laurier Super Slimguard Light Flow 17cm 20pcs",,PIECES,9847,0,0
277897,"Laurier Super Slimguard Night 30cm 16pcs",,PIECES,11647,0,0
277848,"Laurier Super Slimguard Night 35cm 8pcs",,PIECES,11757,0,0
295308,"Laurier Super Slimguard Night 40cm 8pcs",,PIECES,14025,0,0
534506,"Laurier Ultra Gentle Day Ultra Slim 22.5cm 16pcs ",,PIECES,11563,0,0
544843,"Laurier Ultra Gentle Day Ultra Slim 25cm 15pcs",,PIECES,5440,0,0
534504,"Laurier Ultra Gentle Light Flow Ultra Slim 20.5cm 18pcs",,PIECES,5380,0,0
534510,"Laurier Ultra Gentle Night Slim 30cm 10pcs",,PIECES,17079,0,0
534528,"Laurier Ultra Gentle Night Slim 34cm 9pcs",,PIECES,13291,0,0
534529,"Laurier Ultra Gentle Night Slim 40cm 7pcs",,PIECES,4391,0,0
295920,"ATTACK COLOUR LIQUID LAUNDRY DETERGENT 3.6KG",,PIECES,4327,0,0
295923,"ATTACK COLOUR LIQUID LAUNDRY DETERGENT REFILL 1.4KG",,PIECES,3061,0,0
294813,"ATTACK COLOUR POWDER LAUNDRY DETERGENT 1.6KG",,PIECES,8448,0,0
294815,"ATTACK COLOUR POWDER LAUNDRY DETERGENT 3KG",,PIECES,4538,0,0
295942,"ATTACK PERFUME FLORAL LIQUID LAUNDRY DETERGENT 3.6KG",,PIECES,6030,0,0
295944,"ATTACK PERFUME FLORAL LIQUID LAUNDRY DETERGENT REFILL 1.4KG",,PIECES,7988,0,0
295926,"ATTACK PERFUME FRUITY LIQUID LAUNDRY DETERGENT 3.6KG",,PIECES,2374,0,0
295939,"ATTACK PERFUME FRUITY LIQUID LAUNDRY DETERGENT REFILL 1.4KG",,PIECES,2111,0,0
294824,"ATTACK PLUS SOFTENER (FLORAL ROMANCE) POWDER LAUNDRY DETERGENT 1.4KG",,PIECES,1943,0,0
294819,"ATTACK PLUS SOFTENER (SWEET FLORAL) POWDER LAUNDRY DETERGENT 1.4KG",,PIECES,4980,0,0
294820,"ATTACK PLUS SOFTENER (SWEET FLORAL) POWDER LAUNDRY DETERGENT 2.8KG",,PIECES,4651,0,0
295948,"ATTACK PLUS SOFTENER LIQUID LAUNDRY DETERGENT 3.6KG",,PIECES,5501,0,0
295945,"ATTACK PLUS SOFTENER LIQUID LAUNDRY DETERGENT REFILL 1.4KG",,PIECES,6118,0,0
534323,"ATTACK QUICK CLEAN LAUNDRY DETERGENT 400G",,PIECES,1598,0,0
597703,"ATTACK QUICK CLEAN LAUNDRY DETERGENT REFILL 360G",,PIECES,2106,0,0
295918,"ATTACK ULTRA POWER LIQUID LAUNDRY DETERGENT 4KG",,PIECES,6353,0,0
295914,"ATTACK ULTRA POWER LIQUID LAUNDRY DETERGENT REFILL 1.6KG",,PIECES,6714,0,0
288640,"ATTACK ULTRA POWER POWDER LAUNDRY DETERGENT 1.6KG",,PIECES,8270,0,0
288642,"ATTACK ULTRA POWER POWDER LAUNDRY DETERGENT 3KG",,PIECES,2181,0,0
278185,"FLOOR MAGICLEAN CRYSTAL SHINE 1.8L",,PIECES,5588,0,0
285678,"FLOOR MAGICLEAN FLOWER BLISS 2L",,PIECES,3101,0,0
285677,"FLOOR MAGICLEAN FRESH FLORAL 2L",,PIECES,6541,0,0
285675,"FLOOR MAGICLEAN GREEN APPLE 2L",,PIECES,3794,0,0
285674,"FLOOR MAGICLEAN LAVENDER 2L",,PIECES,8734,0,0
285676,"FLOOR MAGICLEAN LEMON 2L",,PIECES,8924,0,0
285685,"FLOOR MAGICLEAN MINTY COOL 2L",,PIECES,2199,0,0
193286,"KAO BLEACH 1.5L",,PIECES,17760,0,0
193278,"KAO BLEACH FLORAL 1.5L",,PIECES,1082,0,0
193283,"KAO BLEACH LEMON 1.5L",,PIECES,1,0,0
402683,"KAO COLOUR BLEACH LIQUID 2L",,PIECES,19408,0,0
402682,"KAO COLOUR BLEACH LIQUID 3L",,PIECES,8290,0,0
541996,"MAGICLEAN BATHROOM REFILL LEMON 500ML",,PIECES,12353,0,0
541995,"MAGICLEAN BATHROOM TRIGGER LEMON 500ML",,PIECES,7935,0,0
541998,"MAGICLEAN BATHROOM&TOILET LAVENDER REFILL 500ML",,PIECES,12253,0,0
541997,"MAGICLEAN BATHROOM&TOILET LAVENDER TRIGGER 500ML",,PIECES,6741,0,0
747819,"MAGICLEAN FABRIC FRESHENER FRESH & LIGHT 370ML ",,PIECES,2141,0,0
532895,"MAGICLEAN FABRIC FRESHENER PURE BLOSSOM 370ML",,PIECES,895,0,0
585449,"MAGICLEAN FABRIC FRESHENER REFRESHING MINT 370ML ",,PIECES,0,0,0
592224,"MAGICLEAN GLASS REFILL 500ML",,PIECES,7793,0,0
592223,"MAGICLEAN GLASS TRIGGER 500ML",,PIECES,9454,0,0
288483,"MAGICLEAN HANDY DUSTER EXTENDABLE 1 SET",,PIECES,13071,0,0
288484,"MAGICLEAN HANDY DUSTER REFILL 3S",,PIECES,12547,0,0
288482,"MAGICLEAN HANDY SYSTEM 1 SET",,PIECES,6175,0,0
585459,"MAGICLEAN KITCHEN BLEACH 600ML",,PIECES,3734,0,0
592218,"MAGICLEAN KITCHEN REFILL GREEN APPLE 500ML ",,PIECES,8298,0,0
592216,"MAGICLEAN KITCHEN REFILL LIME 500ML",,PIECES,8053,0,0
592217,"MAGICLEAN KITCHEN TRIGGER GREEN APPLE 500ML",,PIECES,5573,0,0
592215,"MAGICLEAN KITCHEN TRIGGER LIME 500ML",,PIECES,559,0,0
582821,"MAGICLEAN PIPE DECLOGGER 500G",,PIECES,7099,0,0
597739,"MAGICLEAN SINK&PIPE CLEANER REFILL 500ML",,PIECES,4406,0,0
597738,"MAGICLEAN SINK&PIPE CLEANER TRIGGER 500ML",,PIECES,4608,0,0
531097,"MAGICLEAN STAIN & MOLD REMOVER REFILL 400ML",,PIECES,17000,0,0
545787,"MAGICLEAN STAIN & MOLD REMOVER TRIGGER 400ML",,PIECES,26482,0,0
452153,"MAGICLEAN TOILET BLEACH POWER 500ML ",,PIECES,8444,0,0
452154,"MAGICLEAN TOILET BLEACH POWER LEMON 500ML",,PIECES,9166,0,0
452156,"MAGICLEAN TOILET DUAL POWER FOREST FRESH 650ML",,PIECES,5241,0,0
452155,"MAGICLEAN TOILET DUAL POWER OCEAN FRESH 650ML",,PIECES,4086,0,0
531091,"MAGICLEAN WIPER DRY SHEETS 20s",,PIECES,94324,0,0
531090,"MAGICLEAN WIPER MOP 1 SET",,PIECES,9034,0,0
297447,"MAGICLEAN WIPER WET SHEET 16s ",,PIECES,7588,0,0
535478,"MAGICLEAN WIPER WET SHEET 8s ",,PIECES,38871,0,0
297449,"MAGICLEAN WIPER WET SHEET JASMINE 16s ",,PIECES,7862,0,0
297448,"MAGICLEAN WIPER WET SHEET ROSE",,PIECES,6463,0,0
K700978,"Kao Official Store Goodie Bag (Free Gift)",,PIECES,1,0,0
K700981,"Essentials Flashpay Card (Free Gift)",,PIECES,70,0,0
placeholder-675,placeholder-675,placeholder,PIECES,0,0,0
placeholder-676,placeholder-676,placeholder,PIECES,0,0,0
placeholder-677,placeholder-677,placeholder,PIECES,0,0,0
747047,"MegRhythm Steam Eye Mask Limited Edition Fresh Forest 5P ",,PIECES,928,0,0
K-747047,"MegRhythm Steam Eye Mask Limited Edition Fresh Forest 5P ",,PIECES,928,0,0
K-278164x2,"Liese Blaune Creamy Foam Color Ash Beige (Set of 2)",,PIECES,1543,0,0
K-278163x2,"Liese Blaune Creamy Foam Color Beige Brown (Set of 2)",,PIECES,2562,0,0
K-278162x2,"Liese Blaune Creamy Foam Color Black Brown (Set of 2)",,PIECES,473,0,0
K-278160x2,"Liese Blaune Creamy Foam Color Bronze Brown (Set of 2)",,PIECES,499,0,0
K-278161x2,"Liese Blaune Creamy Foam Color Brown (Set of 2)",,PIECES,418,0,0
K-278159x2,"Liese Blaune Creamy Foam Color Golden Brown (Set of 2)",,PIECES,574,0,0
K-278157x2,"Liese Blaune Creamy Foam Color Pinkish Brown (Set of 2)",,PIECES,1940,0,0
K-278158x2,"Liese Blaune Creamy Foam Color Rose Brown (Set of 2)",,PIECES,390,0,0
K-755468x2,"Liese Blaune One-Touch Color Bronze Brown (Set of 2)",,PIECES,1540,0,0
K-755470x2,"Liese Blaune One-Touch Color Brown (Set of 2)",,PIECES,1428,0,0
K-755469x2,"Liese Blaune One-Touch Color Dark Bronze Brown (Set of 2)",,PIECES,1412,0,0
K-755472x2,"Liese Blaune One-Touch Color Dark Brown (Set of 2)",,PIECES,1481,0,0
K-755471x2,"Liese Blaune One-Touch Color Medium Brown (Set of 2)",,PIECES,1721,0,0
K-278166x2,"Liese Blaune Treatment Cream Color Black Brown (Set of 2)",,PIECES,1483,0,0
K-595820x2,"Liese Blaune Treatment Cream Color Dark Brown (Set of 2)",,PIECES,966,0,0
K-595822x2,"Liese Blaune Treatment Cream Color Light Brown (Set of 2)",,PIECES,646,0,0
K-595823x2,"Liese Blaune Treatment Cream Color Lighter Brown (Set of 2)",,PIECES,733,0,0
K-595821x2,"Liese Blaune Treatment Cream Color Medium Brown (Set of 2)",,PIECES,1002,0,1
K-595824x2,"Liese Blaune Treatment Cream Color Ultra Light Brown (Set of 2)",,PIECES,870,0,0
K-597529x2,"Liese Creamy Bubble Color Antique Rose (Set of 2)",,PIECES,490,0,0
K-597526x2,"Liese Creamy Bubble Color Ash Brown (Set of 2)",,PIECES,646,0,0
K-298629x2,"Liese Creamy Bubble Color Biscuit Beige (Set of 2)",,PIECES,777,0,0
K-597527x2,"Liese Creamy Bubble Color Black Tea Brown (Set of 2)",,PIECES,691,0,0
K-597514x2,"Liese Creamy Bubble Color Cassis Berry (Set of 2)",,PIECES,432,0,0
K-597520x2,"Liese Creamy Bubble Color Chestnut Brown (Set of 2)",,PIECES,312,0,0
K-597522x2,"Liese Creamy Bubble Color Classic Chocolat (Set of 2)",,PIECES,445,0,0
K-597521x2,"Liese Creamy Bubble Color Dark Chocolat (Set of 2)",,PIECES,396,0,0
K-597513x2,"Liese Creamy Bubble Color Jewel Pink (Set of 2)",,PIECES,473,0,0
K-278314x2,"Liese Creamy Bubble Color Maple Red (Set of 2)",,PIECES,2,0,0
K-597512x2,"Liese Creamy Bubble Color Marshmallow Brown (Set of 2)",,PIECES,461,0,0
K-597519x2,"Liese Creamy Bubble Color Milk Tea Brown (Set of 2)",,PIECES,739,0,0
K-295217x2,"Liese Creamy Bubble Color Milky Beige (Set of 2)",,PIECES,802,0,0
K-298628x2,"Liese Creamy Bubble Color Mint Ash (Set of 2)",,PIECES,519,0,0
K-597528x2,"Liese Creamy Bubble Color Natural Black (Set of 2)",,PIECES,449,0,0
K-597518x2,"Liese Creamy Bubble Color Natural Mocha (Set of 2)",,PIECES,418,0,0
K-541305x2,"Liese Creamy Bubble Color Platinum Beige (Set of 2)",,PIECES,1248,0,0
K-297214x2,"Liese Creamy Bubble Color Red Velvet (Set of 2)",,PIECES,2715,0,0
K-597516x2,"Liese Creamy Bubble Color Rose Tea Brown (Set of 2)",,PIECES,209,0,0
K-597515x2,"Liese Creamy Bubble Color Sweet Apricot (Set of 2)",,PIECES,744,0,0
747503,"Liese Creamy Bubble Color Violet Red",,PIECES,6545,0,0
747505,"Liese Blaune Creamy Foam Color Light Warm Brown",,PIECES,2673,0,0
747506,"Liese Blaune Creamy Foam Color Warm Brown",,PIECES,3580,0,0
K-747503,"Liese Creamy Bubble Color Violet Red",,PIECES,6545,0,0
K-747505,"Liese Blaune Creamy Foam Color Light Warm Brown",,PIECES,2673,0,0
K-747506,"Liese Blaune Creamy Foam Color Warm Brown",,PIECES,3580,0,0
K-753179,"Asience Moisture Rich Shampoo + Conditioner + FREE EZ Cutter",,PIECES,0,0,0
